-- phpMyAdmin SQL Dump
-- version 4.6.5.2
-- https://www.phpmyadmin.net/
--
-- Host: 127.0.0.1
-- Generation Time: 2017-05-17 14:49:43
-- 服务器版本： 10.1.21-MariaDB
-- PHP Version: 7.1.1

SET SQL_MODE = "NO_AUTO_VALUE_ON_ZERO";
SET time_zone = "+00:00";


/*!40101 SET @OLD_CHARACTER_SET_CLIENT=@@CHARACTER_SET_CLIENT */;
/*!40101 SET @OLD_CHARACTER_SET_RESULTS=@@CHARACTER_SET_RESULTS */;
/*!40101 SET @OLD_COLLATION_CONNECTION=@@COLLATION_CONNECTION */;
/*!40101 SET NAMES utf8mb4 */;

--
-- Database: `jd`
--

-- --------------------------------------------------------

--
-- 表的结构 `jd_admin`
--

CREATE TABLE `jd_admin` (
  `admin_id` int(11) UNSIGNED NOT NULL,
  `admin_group_id` int(11) NOT NULL,
  `perm_group_id` varchar(255) NOT NULL,
  `account` varchar(255) NOT NULL,
  `password` varchar(255) NOT NULL,
  `name` varchar(255) NOT NULL,
  `sex` varchar(255) NOT NULL,
  `photo` varchar(255) NOT NULL,
  `email` varchar(255) NOT NULL,
  `qq` varchar(266) DEFAULT NULL,
  `remarks` varchar(255) DEFAULT NULL,
  `login_time` int(11) NOT NULL,
  `login_ip` varchar(255) NOT NULL,
  `login_state` int(4) UNSIGNED NOT NULL DEFAULT '0',
  `login_num` int(11) UNSIGNED NOT NULL DEFAULT '0',
  `root` smallint(1) UNSIGNED NOT NULL DEFAULT '0'
) ENGINE=MyISAM DEFAULT CHARSET=utf8 ROW_FORMAT=DYNAMIC;

--
-- 转存表中的数据 `jd_admin`
--

INSERT INTO `jd_admin` (`admin_id`, `admin_group_id`, `perm_group_id`, `account`, `password`, `name`, `sex`, `photo`, `email`, `qq`, `remarks`, `login_time`, `login_ip`, `login_state`, `login_num`, `root`) VALUES
(1, 1, '1', 'jdxy', 'c737df5f86ac6d70c0bae379bbb76fc7', '超级管理员', 'g', 'image/20170511/5914312d4c9dd.jpg', 'coder2me@gmail.com', '2013855675', '我是超管！', 1495006740, '0.0.0.0', 1, 10, 1),
(2, 2, '2', 'publisher', 'd1eb42c2b2dda6514dc23701ee2fefb8', '孙龙', 'b', 'photo/2017-05-13/5916f36aae273.jpg', '2013855675@qq.com', '2013855675111', '我是文章发布员！', 1495006101, '0.0.0.0', 1, 9, 0),
(3, 2, '2', 'guest_1', 'd1eb42c2b2dda6514dc23701ee2fefb8', 'guest', 'g', 'image/2017-05-17/591bee0630679.jpg', '222@qq.com', '22222222', '', 1495002818, '0.0.0.0', 1, 1, 0);

-- --------------------------------------------------------

--
-- 表的结构 `jd_admin_group`
--

CREATE TABLE `jd_admin_group` (
  `admin_group_id` int(11) UNSIGNED NOT NULL,
  `name` varchar(255) NOT NULL,
  `perm_group_id` varchar(1024) NOT NULL,
  `description` varchar(1024) DEFAULT NULL,
  `useful` smallint(1) UNSIGNED NOT NULL DEFAULT '0',
  `root` smallint(1) UNSIGNED NOT NULL DEFAULT '0'
) ENGINE=MyISAM DEFAULT CHARSET=utf8 ROW_FORMAT=DYNAMIC;

--
-- 转存表中的数据 `jd_admin_group`
--

INSERT INTO `jd_admin_group` (`admin_group_id`, `name`, `perm_group_id`, `description`, `useful`, `root`) VALUES
(1, '超级管理员', '1', '该组的所有管理员都为超级管理员', 1, 1),
(2, '文章发布员', '2', '该分组下的所有管理员拥有文章发布权限', 1, 0);

-- --------------------------------------------------------

--
-- 表的结构 `jd_big_pic`
--

CREATE TABLE `jd_big_pic` (
  `id` int(10) UNSIGNED NOT NULL,
  `title` varchar(255) DEFAULT NULL,
  `describtion` varchar(500) DEFAULT NULL,
  `url` varchar(255) NOT NULL,
  `logo` varchar(255) NOT NULL,
  `sort_index` int(10) UNSIGNED NOT NULL DEFAULT '0',
  `addtime` int(10) UNSIGNED NOT NULL
) ENGINE=MyISAM DEFAULT CHARSET=utf8 ROW_FORMAT=DYNAMIC;

--
-- 转存表中的数据 `jd_big_pic`
--

INSERT INTO `jd_big_pic` (`id`, `title`, `describtion`, `url`, `logo`, `sort_index`, `addtime`) VALUES
(1, '首页大图_1', '', 'http://www.hnnu.edu.cn/', 'image/20170517/591c1abb1c545.jpg', 0, 1495013263),
(2, '首页大图_2', '', 'http://www.hnnu.edu.cn/', 'image/20170517/591c2fff4627d.jpg', 0, 1495019519),
(3, '背景大图_3', '', 'http://www.hnnu.edu.cn/', 'image/20170517/591c3069847d5.jpg', 0, 1495019625),
(4, '首页大图_4', '', 'http://www.hnnu.edu.cn/', 'image/20170517/591c373fa0b58.jpg', 0, 1495021375);

-- --------------------------------------------------------

--
-- 表的结构 `jd_channel`
--

CREATE TABLE `jd_channel` (
  `channel_id` int(11) UNSIGNED NOT NULL,
  `channel_key` varchar(50) NOT NULL COMMENT '内容模型关键词',
  `name` varchar(100) DEFAULT NULL,
  `is_open` tinyint(1) DEFAULT '1' COMMENT '是否开启',
  `addon_table` varchar(50) DEFAULT NULL COMMENT '附加表',
  `add_action` varchar(50) DEFAULT NULL COMMENT '添加内容模块',
  `edit_action` varchar(50) DEFAULT NULL COMMENT '编辑内容模块',
  `fields` varchar(255) DEFAULT NULL
) ENGINE=MyISAM DEFAULT CHARSET=utf8 COMMENT='内容模型表';

--
-- 转存表中的数据 `jd_channel`
--

INSERT INTO `jd_channel` (`channel_id`, `channel_key`, `name`, `is_open`, `addon_table`, `add_action`, `edit_action`, `fields`) VALUES
(1, 'article', '普通文章', 1, 'conArticle', '', '', '外部链接:redirect_url:text,文章内容:body:longtext'),
(2, 'picture', '图片集', 1, 'conPicture', '', '', '外部链接:redirect_url:text,图片集内容:body:longtext'),
(3, 'video', '视频', 1, 'conVideo', '', '', '视频内容:body:longtext'),
(4, 'file', '文件', 1, 'conFile', '', '', '文件内容:body:longtext'),
(5, 'special', '专题', 1, 'conSpecial', '', '', '专题内容:body:longtext');

-- --------------------------------------------------------

--
-- 表的结构 `jd_class`
--

CREATE TABLE `jd_class` (
  `class_id` int(11) UNSIGNED NOT NULL COMMENT '栏目ID',
  `father_id` int(11) DEFAULT NULL COMMENT '父栏目ID',
  `name` varchar(255) DEFAULT NULL COMMENT '栏目名称',
  `type` enum('Index','List','Url') DEFAULT NULL COMMENT '栏目类型（List：列表栏目，Index：频道栏目，Url：外部链接）',
  `channel_id` int(11) DEFAULT NULL COMMENT '频道ID',
  `url` varchar(255) DEFAULT NULL COMMENT '外部链接',
  `sort_index` smallint(6) DEFAULT NULL COMMENT '排序',
  `is_show` tinyint(1) DEFAULT '0' COMMENT '是否显示',
  `is_nav` tinyint(1) DEFAULT '0' COMMENT '是否设置为导航栏',
  `content` longtext COMMENT '内容',
  `content_template` int(11) DEFAULT NULL COMMENT '栏目内容模板',
  `index_template` int(11) DEFAULT NULL COMMENT '栏目封面模板'
) ENGINE=MyISAM DEFAULT CHARSET=utf8 ROW_FORMAT=DYNAMIC;

--
-- 转存表中的数据 `jd_class`
--

INSERT INTO `jd_class` (`class_id`, `father_id`, `name`, `type`, `channel_id`, `url`, `sort_index`, `is_show`, `is_nav`, `content`, `content_template`, `index_template`) VALUES
(1, 0, '学院概况', 'List', 1, '', 0, 1, 1, '', 2, 1),
(2, 1, '学院简介', 'Index', 1, '', 0, 1, 1, '<h1 style=\"text-align:center;\">\r\n	<span style=\"background-color:#FFFFFF;font-family:宋体;font-size:24px;\">学院简介</span> \r\n</h1>\r\n<p>\r\n	<span style=\"background-color:#FFFFFF;font-family:宋体;font-size:24px;\"><br />\r\n</span> \r\n</p>\r\n<p>\r\n	<span style=\"background-color:#FFFFFF;font-family:宋体;font-size:24px;\"> </span> \r\n</p>\r\n<hr />\r\n<p class=\"MsoNormal\" align=\"left\" style=\"font-family:宋体;font-size:13px;background-color:#FFFFFF;text-indent:2em;\">\r\n	<span><span style=\"font-size:24px;\"><br />\r\n</span></span> \r\n</p>\r\n<p class=\"MsoNormal\" align=\"left\" style=\"font-family:宋体;font-size:13px;background-color:#FFFFFF;text-indent:2em;\">\r\n	<span><span style=\"font-size:24px;\">机</span>械与电气工程学院（简称：机电学院）现有自动化、电气工程及其自动化、轨道交通信号与控制、机械设计制造及其自动化等四个专业，其中自动化专业为省级特色专业和校级实施“卓越工程师教育培养计划”专业。目前在校学生<span>1500</span>余人。</span> \r\n</p>\r\n<p class=\"MsoNormal\" align=\"left\" style=\"font-family:宋体;font-size:13px;background-color:#FFFFFF;text-indent:2em;\">\r\n	<span style=\"font-size:small;line-height:26px;\">机电学院下设自动化工程系、电气工程系、机械工程系、轨道交通信号与控制系等4个教学系和</span><span style=\"font-size:small;line-height:26px;\">1</span><span style=\"font-size:small;line-height:26px;\">个实验中心。除电路原理、模拟电子技术、数字电子技术、信号与系统、单片机技术等专业基础实验室外，还拥有</span><span style=\"font-size:small;line-height:26px;\">PLC</span><span style=\"font-size:small;line-height:26px;\">技术、传感器与检测技术、自动控制原理、现场总线技术、运动控制技术等专业实验室。机电学院建设了电工实训室、过程控制实训室、</span><span style=\"font-size:small;line-height:26px;\">PLC</span><span style=\"font-size:small;line-height:26px;\">运用实训室、工厂供配电实训室、电力系统自动化实训室、数控加工实训中心等。这些实验实训室的建设，既保障了教学科研的需要，又强化了学生专业能力的培养与训练。</span> \r\n</p>\r\n<p class=\"MsoNormal\" align=\"left\" style=\"font-family:宋体;font-size:13px;background-color:#FFFFFF;text-indent:2em;\">\r\n	<span style=\"font-size:small;line-height:26px;\">机电学院拥有一支高学历、高素质、年轻化、爱岗敬业、积极进取、勇于创新的教师队伍。其中教授</span><span style=\"font-size:small;line-height:26px;\">2</span><span style=\"font-size:small;line-height:26px;\">名、副教授5</span><span style=\"font-size:small;line-height:26px;\">名、在读博士学位</span><span style=\"font-size:small;line-height:26px;\">2</span><span style=\"font-size:small;line-height:26px;\">名。教师队伍中</span><span style=\"font-size:small;line-height:26px;\">1</span><span style=\"font-size:small;line-height:26px;\">人获安徽省高等学校十五优秀人才计划优秀中青年骨干教师、</span><span style=\"font-size:small;line-height:26px;\">1</span><span style=\"font-size:small;line-height:26px;\">人入选淮南市舜耕英才培养对象、</span><span style=\"font-size:small;line-height:26px;\">2</span><span style=\"font-size:small;line-height:26px;\">人获省级教坛新秀荣誉称号、</span><span style=\"font-size:small;line-height:26px;\">1</span><span style=\"font-size:small;line-height:26px;\">人获校级教学名师荣誉称号。</span> \r\n</p>\r\n<p class=\"MsoNormal\" align=\"left\" style=\"font-family:宋体;font-size:13px;background-color:#FFFFFF;text-indent:2em;\">\r\n	<span style=\"font-size:small;line-height:26px;\">机电学院教师重视教学研究和科研工作，承担了多项省级、市级、校级教科研项目，在《中国科学》、《电子学报》、《控制与决策》、《信息与控制》、《中国科学技术大学学报》等学术刊物和国际学术会议上发表论文</span><span style=\"font-size:small;line-height:26px;\">70</span><span style=\"font-size:small;line-height:26px;\">余篇，其中</span><span style=\"font-size:small;line-height:26px;\">SCI/EI</span><span style=\"font-size:small;line-height:26px;\">收录论文</span><span style=\"font-size:small;line-height:26px;\">20</span><span style=\"font-size:small;line-height:26px;\">余篇竞赛。</span> \r\n</p>\r\n<p class=\"MsoNormal\" align=\"left\" style=\"font-family:宋体;font-size:13px;background-color:#FFFFFF;text-indent:2em;\">\r\n	<span style=\"font-size:small;line-height:26px;\">机电学院按照学校“地方性、应用型”的办学定位和社会经济发展对专业人才的需求，不断探索课程体系和人才培养模式的改革与创新，注重面向工程应用，强化专业能力培养，尤其重视对学生实践能力和创新精神的培养，在引企入校专业实习和第二课堂实践创新训练方面形成特色。学生积极参加各类科技创新创业活动，多次在国家级、省级专业竞赛和创业计划大赛中获奖。其中“搜科网络技术股份公司”获第五届“挑战杯”安徽省大学生创业计划竞赛金奖和第八届“挑战杯”全国大学生创业计划大赛银奖、学生参加第九届全国大学生“飞思卡尔”杯智能汽车竞赛全国总决赛获二等奖，在首届“西门子”杯工业自动化竞赛中荣获国家二等奖。</span> \r\n</p>\r\n<p class=\"MsoNormal\" align=\"left\" style=\"font-family:宋体;font-size:13px;background-color:#FFFFFF;text-indent:2em;\">\r\n	<span style=\"font-size:small;line-height:26px;\">近年来，机电学院每年都会有10多</span><span style=\"font-size:small;line-height:26px;\">名学生考取了浙江大学、四川大学、合肥工业大学、安徽大学、重庆邮电大学、南京邮电大学、华东交通大学、浙江工业大学、杭州电子科技大学等知名高校的研究生。机电学院毕业生基础扎实、适应力强、具备较强的专业技能和创新精神，毕业生普遍受到用人单位的欢迎，成为企业“留得住、用得上、干得好、有潜力”工程技术人才，就业率一直保持在很高的水平。</span> \r\n</p>\r\n<p class=\"MsoNormal\" align=\"left\" style=\"font-family:宋体;font-size:13px;background-color:#FFFFFF;text-indent:2em;\">\r\n	<span style=\"font-size:small;line-height:26px;\">学校第二次党代会提出了“深化改革、转型发展、提升内涵，为建设地方应用型高水平大学而努力奋斗”的发展目标，随着学校应用型本科办学转型，机械与电气工程学院将党的十八大和十八届三中四中会会精神为指引，以更快的发展步伐、更新的精神状态来迎接更辉煌的明天！</span> \r\n</p>\r\n<br />\r\n<p>\r\n	<br />\r\n</p>', 2, 3),
(3, 1, '机构设置', 'Index', 1, '', 0, 1, 1, '<p>\r\n	<br />\r\n</p>\r\n<h1 style=\"text-align:center;\">\r\n	学院机构设置\r\n</h1>\r\n<p>\r\n	<br />\r\n</p>\r\n<table width=\"100%\" border=\"1\" cellspacing=\"0\" cellpadding=\"0\" style=\"color:#000000;font-family:宋体;font-size:13px;background-color:#FFFFFF;\">\r\n	<tbody>\r\n		<tr>\r\n		</tr>\r\n		<tr>\r\n			<td width=\"19%\">\r\n				<p>\r\n					<br class=\"Apple-interchange-newline\" />\r\n机构性质\r\n				</p>\r\n			</td>\r\n			<td width=\"36%\">\r\n				<br />\r\n				<p>\r\n					职务\r\n				</p>\r\n			</td>\r\n			<td width=\"18%\">\r\n				<br />\r\n				<p>\r\n					姓名\r\n				</p>\r\n			</td>\r\n			<td width=\"25%\">\r\n				<br />\r\n				<p>\r\n					办公电话\r\n				</p>\r\n			</td>\r\n		</tr>\r\n		<tr>\r\n			<td width=\"19%\" rowspan=\"4\">\r\n				<br />\r\n				<p>\r\n					学院领导\r\n				</p>\r\n			</td>\r\n			<td width=\"36%\">\r\n				<br />\r\n				<p>\r\n					院 长\r\n				</p>\r\n			</td>\r\n			<td width=\"18%\">\r\n				<br />\r\n				<p>\r\n					赵耀军\r\n				</p>\r\n			</td>\r\n			<td width=\"25%\">\r\n				<br />\r\n				<p>\r\n					0554-6673717\r\n				</p>\r\n			</td>\r\n		</tr>\r\n		<tr>\r\n			<td width=\"36%\">\r\n				<br />\r\n				<p>\r\n					党总支书记\r\n				</p>\r\n			</td>\r\n			<td width=\"18%\">\r\n				<br />\r\n				<p>\r\n					王战修\r\n				</p>\r\n			</td>\r\n			<td width=\"25%\">\r\n				<br />\r\n				<p>\r\n					0554-6863007\r\n				</p>\r\n			</td>\r\n		</tr>\r\n		<tr>\r\n			<td width=\"36%\">\r\n				<br />\r\n				<p>\r\n					常务副院长\r\n				</p>\r\n			</td>\r\n			<td width=\"18%\">\r\n				<br />\r\n				<p>\r\n					杨国诗\r\n				</p>\r\n			</td>\r\n			<td width=\"25%\">\r\n				<br />\r\n				<p>\r\n					0554-6672520\r\n				</p>\r\n			</td>\r\n		</tr>\r\n		<tr>\r\n			<td width=\"36%\">\r\n				<br />\r\n				<p>\r\n					党总支副书记\r\n				</p>\r\n			</td>\r\n			<td width=\"18%\">\r\n				<br />\r\n				<p>\r\n					唐 亮\r\n				</p>\r\n			</td>\r\n			<td width=\"25%\">\r\n				<br />\r\n				<p>\r\n					0554-6672521\r\n				</p>\r\n			</td>\r\n		</tr>\r\n		<tr>\r\n			<td width=\"19%\" rowspan=\"3\">\r\n				<br />\r\n				<p>\r\n					管理机构\r\n				</p>\r\n			</td>\r\n			<td width=\"36%\">\r\n				<br />\r\n				<p>\r\n					教学与科研办公室\r\n				</p>\r\n			</td>\r\n			<td width=\"18%\">\r\n				<br />\r\n				<p>\r\n					伍龙\r\n				</p>\r\n			</td>\r\n			<td width=\"25%\">\r\n				<br />\r\n				<p>\r\n					0554-6672521\r\n				</p>\r\n			</td>\r\n		</tr>\r\n		<tr>\r\n			<td width=\"36%\">\r\n				<br />\r\n				<p>\r\n					党政办公室\r\n				</p>\r\n			</td>\r\n			<td width=\"18%\">\r\n				<br />\r\n				<p>\r\n					佟自光\r\n				</p>\r\n			</td>\r\n			<td width=\"25%\">\r\n				<br />\r\n				<p>\r\n					0554-6673716\r\n				</p>\r\n			</td>\r\n		</tr>\r\n		<tr>\r\n			<td width=\"36%\">\r\n				<br />\r\n				<p>\r\n					学生工作办公室 (团总支书记)\r\n				</p>\r\n			</td>\r\n			<td width=\"18%\">\r\n				<br />\r\n				<p>\r\n					李媛\r\n				</p>\r\n			</td>\r\n			<td width=\"25%\">\r\n				<br />\r\n				<p>\r\n					0554-6673716\r\n				</p>\r\n			</td>\r\n		</tr>\r\n		<tr>\r\n			<td width=\"19%\" rowspan=\"5\">\r\n				<br />\r\n				<p>\r\n					教学机构\r\n				</p>\r\n			</td>\r\n			<td width=\"36%\">\r\n				<br />\r\n				<p>\r\n					电气工程系主任\r\n				</p>\r\n			</td>\r\n			<td width=\"18%\">\r\n				<br />\r\n				<p>\r\n					贾群\r\n				</p>\r\n			</td>\r\n			<td width=\"25%\">\r\n				<br />\r\n				<p>\r\n					<br />\r\n				</p>\r\n			</td>\r\n		</tr>\r\n		<tr>\r\n			<td width=\"36%\">\r\n				<br />\r\n				<p>\r\n					自动化工程系主任\r\n				</p>\r\n			</td>\r\n			<td width=\"18%\">\r\n				<br />\r\n				<p>\r\n					聂文艳\r\n				</p>\r\n			</td>\r\n			<td width=\"25%\">\r\n				<br />\r\n				<p>\r\n					<br />\r\n				</p>\r\n			</td>\r\n		</tr>\r\n		<tr>\r\n			<td width=\"36%\">\r\n				<br />\r\n				<p>\r\n					机械工程系主任\r\n				</p>\r\n			</td>\r\n			<td width=\"18%\">\r\n				<br />\r\n				<p>\r\n					苗磊\r\n				</p>\r\n			</td>\r\n			<td width=\"25%\">\r\n				<br />\r\n				<p>\r\n					<br />\r\n				</p>\r\n			</td>\r\n		</tr>\r\n		<tr>\r\n			<td width=\"36%\">\r\n				<br />\r\n				<p>\r\n					轨道交通信号与控制系主任\r\n				</p>\r\n			</td>\r\n			<td width=\"18%\">\r\n				<br />\r\n				<p>\r\n					刘团结\r\n				</p>\r\n			</td>\r\n			<td width=\"25%\">\r\n				<br />\r\n				<p>\r\n					<br />\r\n				</p>\r\n			</td>\r\n		</tr>\r\n		<tr>\r\n			<td width=\"36%\">\r\n				<br />\r\n				<p>\r\n					实验中心主任\r\n				</p>\r\n			</td>\r\n			<td width=\"18%\">\r\n				<br />\r\n				<p>\r\n					徐刚\r\n				</p>\r\n			</td>\r\n			<td width=\"25%\">\r\n				<br />\r\n				<p>\r\n					<br />\r\n				</p>\r\n			</td>\r\n		</tr>\r\n	</tbody>\r\n</table>\r\n<p>\r\n	<br />\r\n</p>', 2, 3),
(4, 0, '人才培养', 'List', 1, '', 0, 1, 1, '', 2, 1),
(5, 4, '教学系', 'List', 1, '', 0, 1, 1, '', 2, 1),
(6, 4, '实验室', 'List', 1, '', 0, 1, 1, '', 2, 1),
(7, 4, '工程训练中心', 'List', 1, '', 0, 1, 1, '', 2, 1),
(8, 0, '科学研究', 'List', 1, '', 0, 1, 1, '', 2, 1),
(9, 8, '工程技术研究中心', 'List', 1, '', 0, 1, 1, '', 2, 1),
(10, 8, '重点实验室', 'List', 1, '', 0, 1, 1, '', 2, 1),
(11, 8, '科研团队', 'List', 1, '', 0, 1, 1, '', 2, 1),
(12, 0, '党建工作', 'List', 1, '', 0, 1, 1, '', 2, 1),
(13, 0, '信息公开', 'List', 1, '', 0, 1, 1, '', 2, 1),
(14, 0, '特色展示', 'List', 1, '', 0, 1, 1, '', 2, 1),
(15, 0, '通知公告', 'List', 1, '', 0, 1, 0, '', 2, 1);

-- --------------------------------------------------------

--
-- 表的结构 `jd_content`
--

CREATE TABLE `jd_content` (
  `content_id` int(11) UNSIGNED NOT NULL COMMENT '文章ID',
  `admin_id` int(11) NOT NULL COMMENT '管理员ID',
  `class_id` int(11) NOT NULL COMMENT '栏目ID',
  `channel_id` int(11) NOT NULL COMMENT '频道ID',
  `title` varchar(255) NOT NULL COMMENT '标题',
  `author` varchar(100) NOT NULL COMMENT '作者',
  `description` varchar(255) DEFAULT NULL COMMENT '描述',
  `keywords` varchar(255) DEFAULT NULL COMMENT '关键字',
  `addtime` date DEFAULT NULL COMMENT '添加时间',
  `uptime` int(11) DEFAULT NULL COMMENT '修改时间',
  `state` enum('check','publish','trash') DEFAULT 'check' COMMENT '状态',
  `picurl` varchar(255) DEFAULT NULL COMMENT '缩略图',
  `views` smallint(6) DEFAULT '0' COMMENT '点击量',
  `sort_index` smallint(6) DEFAULT NULL COMMENT '排序',
  `source` varchar(255) DEFAULT NULL COMMENT '来源',
  `is_stick` tinyint(1) DEFAULT '0' COMMENT '是否置顶',
  `title_color` varchar(255) DEFAULT NULL COMMENT '标题颜色',
  `sticky_time` date DEFAULT NULL COMMENT '置顶到期时间'
) ENGINE=MyISAM DEFAULT CHARSET=utf8;

--
-- 转存表中的数据 `jd_content`
--

INSERT INTO `jd_content` (`content_id`, `admin_id`, `class_id`, `channel_id`, `title`, `author`, `description`, `keywords`, `addtime`, `uptime`, `state`, `picurl`, `views`, `sort_index`, `source`, `is_stick`, `title_color`, `sticky_time`) VALUES
(1, 2, 15, 1, '机械与电气工程学院2017届品学兼优毕业生评选结果公示 ', '孙龙', '机械与电气工程学院2017届品学兼优毕业生评选结果公示 ', '', '2017-03-11', 1495006450, 'publish', NULL, 0, 0, '转载', 0, '#333333', '1970-01-01'),
(2, 2, 15, 1, '2017届毕业生班级综合测评结果公示', '孙龙', '', '', '2017-03-01', 1495006512, 'publish', NULL, 1, 0, '转载', 0, '#333333', '1970-01-01'),
(3, 2, 15, 1, '机械与电气工程学院：2016年新疆民族生助学金公示', '孙龙', '', '', '2017-01-06', 1495006572, 'publish', NULL, 0, 0, '转载', 0, '#333333', '1970-01-01'),
(4, 2, 15, 1, '机械与电气工程学院2016年国家助学金预发放名单公示', '孙龙', '', '', '2016-10-10', 1495006685, 'publish', NULL, 0, 0, '', 0, '#333333', '1970-01-01'),
(5, 2, 15, 1, ' 关于申报2016年大学生创业项目的通知', '孙龙', '', '', '2017-03-18', 1495006868, 'publish', NULL, 0, 1, '', 0, '#333333', '1970-01-01'),
(6, 2, 15, 1, '关于做好2015年新生入学教育等相关工作的通知', '孙龙', '', '', '2017-05-09', 1495006961, 'publish', NULL, 0, 0, '', 0, '#333333', '1970-01-01'),
(7, 2, 15, 1, '淮南师范学院本科教学工作奖励办法', '孙龙', '', '', '2017-05-08', 1495007079, 'publish', NULL, 1, 0, '', 0, '#333333', '1970-01-01'),
(8, 2, 5, 1, '加强人才引进，加快转型发展', '孙龙', '', '', '2016-01-14', 1495007728, 'publish', NULL, 1, 0, '', 0, '#333333', '1970-01-01'),
(9, 2, 5, 1, '师资队伍', '孙龙', '', '', '2015-09-06', 1495007863, 'publish', NULL, 2, 0, '', 0, '#333333', '1970-01-01'),
(10, 2, 6, 1, '机械设计制造及其自动化专业', '孙龙', '', '', '2015-05-18', 1495008031, 'publish', NULL, 1, 0, '', 0, '#333333', '1970-01-01'),
(11, 2, 6, 1, '大学生学业服务中心开办方案', '孙龙', '', '', '2015-03-31', 1495008085, 'publish', NULL, 1, 0, '', 0, '#333333', '1970-01-01'),
(12, 2, 7, 1, '机械设计制造及其自动化专业', '孙龙', '', '', '2016-05-18', 1495008151, 'publish', NULL, 2, 0, '', 0, '#333333', '1970-01-01'),
(13, 2, 9, 1, '关于举办淮南师范学院第二届“园林周”暨大学生风景园林技能竞赛活动通知 ', '孙龙', '', '', '2017-05-10', 1495008293, 'publish', NULL, 3, 0, '', 0, '#333333', '1970-01-01'),
(14, 2, 9, 1, '转发：关于举办淮南师范学院第三届“互联网+”大学生创新创业大赛的通知 ', '孙龙', '', '', '2017-05-04', 1495008347, 'publish', NULL, 0, 0, '', 0, '#333333', '1970-01-01'),
(15, 2, 10, 1, '关于举办淮南师范学院第一届大学生商务英语技能大赛的通知 ', '孙龙', '', '', '2017-04-28', 1495008534, 'publish', NULL, 3, 0, '', 0, '#333333', '1970-01-01'),
(16, 2, 11, 1, '关于组织申报2017年度国家级大学生创新创业训练计划项目的通知', '孙龙', '', '', '2017-04-27', 1495010184, 'publish', NULL, 0, 0, '', 0, '#333333', '1970-01-01'),
(17, 2, 11, 1, '关于开展淮南师范学院第五届大学生科技创意大赛的通知', '孙龙', '', '', '2017-03-28', 1495008694, 'publish', NULL, 1, 0, '', 0, '#333333', '1970-01-01'),
(18, 2, 12, 1, '第十一期中共预备党员培训班圆满完成', '孙龙', '为了提升党员的党性修养，帮助预备党员顺利度过预备期，按党委组织部的相关安排，11月11日、12日，机械与电气工程学院党总支举办了中共预备党员培训班。党总支书记王战修、党政办副主任为45名中共预备党员开办了讲座。', '', '2016-11-14', 1495009411, 'publish', 'image/20170517/591c06cbc8ec6.jpg', 3, 0, '', 0, '#333333', '1970-01-01'),
(19, 2, 12, 1, '机电“媛”沙龙之心理健康主题交流', '孙龙', '为了提高大学生党员工作站在心理健康工作中发挥重要作用，上周，机械与电气工程学院在党员工作站（学生公寓10A121）召开机电“媛”沙龙之心理健康主题交流活动。校学生处副处长、心理健康咨询中心主任欧阳儒阳、学院党总支副书记唐亮、学工办副主任李媛以及16名党员代表参加了沙龙。', '', '2015-12-23', 1495009104, 'publish', 'image/20170517/591c075044727.jpg', 1, 0, '转载', 0, '#333333', '1970-01-01'),
(20, 2, 12, 1, '[转学校文件] 关于举办第二十九期入党积极分子培训班的通知', '孙龙', '', '', '2015-03-11', 1495009190, 'publish', NULL, 0, 0, '', 0, '#333333', '1970-01-01'),
(21, 2, 12, 1, '党员工作站走访2015级新生宿舍', '孙龙', '为了使2015级新生尽快地了解学校，融入大学生活，9月5日晚上，机械与电气工程学院党员工作站开展了新生宿舍走访活动，代表师兄师姐们给他们带去第一声问候。', '', '2015-09-08', 1495011414, 'publish', 'image/20170517/591c07e56e5cc.jpg', 9, 0, '', 0, '#333333', '1970-01-01'),
(22, 2, 12, 1, '党员工作站开展心理健康“趣味问答”活动', '孙龙', '为迎接即将到来的全国大学生心理健康日——5月25日，也为了进一步拉近党员工作站与广大学生的距离，加强党员工作站建设，机械与电气工程学院党员工作站在5月18日-23日开展了心理健康“趣味问答”活动。', '', '2015-05-29', 1495009332, 'publish', 'image/20170517/591c08347ff96.jpg', 1, 0, '', 0, '#333333', '1970-01-01');

-- --------------------------------------------------------

--
-- 表的结构 `jd_con_article`
--

CREATE TABLE `jd_con_article` (
  `content_id` int(11) UNSIGNED NOT NULL COMMENT '内容ID',
  `class_id` int(11) DEFAULT NULL COMMENT '栏目ID',
  `url` varchar(255) DEFAULT NULL COMMENT '外部链接',
  `body` longtext COMMENT '文章内容'
) ENGINE=MyISAM DEFAULT CHARSET=utf8;

--
-- 转存表中的数据 `jd_con_article`
--

INSERT INTO `jd_con_article` (`content_id`, `class_id`, `url`, `body`) VALUES
(1, 15, NULL, '<span><span style=\"font-size:16px;\">\r\n<p class=\"p\" style=\"font-family:宋体;font-size:13px;text-indent:28pt;background:#FFFFFF;\">\r\n	<span style=\"line-height:28px;font-size:14pt;\"><span>根据安徽省教育厅《关于评选上报</span>2017年安徽省普通高等学校品学兼优毕业生名单的通知》（皖教学函〔2017〕1号）及《淮南师范学院品学兼优毕业生评选办法》（校学生〔2013〕19号）文件以及《关于评选2017届品学兼优毕业生的通知 》等文件精神，本着实事求是和公开、公平、公正的原则，2017年02月22至03月01日，我院认真细致地开展了2017届品学兼优毕业生的评审工作，现将评审结果公示,测评结果见附件。</span><span style=\"line-height:28px;font-size:14pt;\"></span>\r\n</p>\r\n<p class=\"p\" style=\"font-family:宋体;font-size:13px;text-indent:28pt;background:#FFFFFF;\">\r\n	<span style=\"line-height:28px;font-size:14pt;\">&nbsp;<span>公示时间</span>:2017年2月</span><span style=\"line-height:28px;font-size:14pt;\">28</span><span style=\"line-height:28px;font-size:14pt;\"><span>日</span>-2017年</span><span style=\"line-height:28px;font-size:14pt;\">3</span><span style=\"line-height:28px;font-size:14pt;\"><span>月</span></span><span style=\"line-height:28px;font-size:14pt;\">1</span><span style=\"line-height:28px;font-size:14pt;\"><span>日</span></span><span style=\"font-family:Calibri;font-size:12pt;\"></span>\r\n</p>\r\n<p class=\"p\" style=\"font-family:宋体;font-size:13px;text-indent:28pt;background:#FFFFFF;\">\r\n	<span style=\"line-height:28px;font-size:14pt;\">&nbsp;<span>如有异议请在公示期间联系班主任、辅导员或陈洪洪老师</span></span><span style=\"font-family:Calibri;font-size:12pt;\"></span>\r\n</p>\r\n<p class=\"p\" style=\"font-family:宋体;font-size:13px;text-indent:28pt;background:#FFFFFF;\">\r\n	<span style=\"line-height:28px;font-size:14pt;\">&nbsp;<span>公示期间联系电话：</span>0554-6673716</span>\r\n</p>\r\n<p class=\"p\" style=\"font-family:宋体;font-size:13px;text-indent:28pt;background:#FFFFFF;\">\r\n	<span style=\"line-height:28px;font-size:14pt;\">&nbsp;&nbsp;&nbsp;&nbsp;&nbsp;&nbsp;&nbsp;&nbsp;&nbsp;&nbsp;&nbsp;&nbsp;&nbsp;&nbsp;&nbsp;&nbsp;&nbsp;&nbsp;&nbsp;&nbsp;&nbsp;&nbsp;&nbsp;&nbsp;&nbsp;&nbsp;&nbsp;&nbsp;&nbsp;&nbsp;&nbsp;&nbsp;&nbsp;&nbsp;&nbsp;&nbsp;&nbsp;&nbsp;&nbsp;&nbsp;&nbsp;&nbsp;&nbsp;&nbsp;&nbsp;&nbsp;&nbsp;&nbsp;&nbsp; 机械与电气工程学院</span>\r\n</p>\r\n<p class=\"p\" style=\"font-family:宋体;font-size:13px;text-indent:28pt;background:#FFFFFF;\">\r\n	<span style=\"line-height:28px;font-size:14pt;\">&nbsp;&nbsp;&nbsp;&nbsp;&nbsp;&nbsp;&nbsp;&nbsp;&nbsp;&nbsp;&nbsp;&nbsp;&nbsp;&nbsp;&nbsp;&nbsp;&nbsp;&nbsp;&nbsp;&nbsp;&nbsp;&nbsp;&nbsp;&nbsp;&nbsp;&nbsp;&nbsp;&nbsp;&nbsp;&nbsp;&nbsp;&nbsp;&nbsp;&nbsp;&nbsp;&nbsp;&nbsp;&nbsp;&nbsp;&nbsp;&nbsp;&nbsp;&nbsp;&nbsp;&nbsp;&nbsp;&nbsp;&nbsp;&nbsp;&nbsp;&nbsp; 2017年02月28日</span>\r\n</p>\r\n</span></span><span style=\"font-family:宋体;font-size:16px;background-color:#FFFFFF;\"></span>'),
(2, 15, NULL, '<p class=\"p\" style=\"font-family:宋体;font-size:13px;text-indent:28pt;background:#FFFFFF;\">\r\n	<span style=\"line-height:28px;font-size:14pt;\"><span>根据安徽省教育厅《关于评选上报</span>2017年安徽省普通高等学校品学兼优毕业生名单的通知》（皖教学函〔2017〕1号）及《淮南师范学院品学兼优毕业生评选办法》（校学生〔2013〕19号）文件以及《关于评选2017届品学兼优毕业生的通知 》等文件精神，本着实事求是和公开、公平、公正的原则，2017年02月22至03月01日，我院认真细致地开展了2017届品学兼优毕业生的评审工作，现将评审结果公示,测评结果见附件。</span><span style=\"line-height:28px;font-size:14pt;\"></span>\r\n</p>\r\n<p class=\"p\" style=\"font-family:宋体;font-size:13px;text-indent:28pt;background:#FFFFFF;\">\r\n	<span style=\"line-height:28px;font-size:14pt;\">&nbsp;<span>公示时间</span>:2017年2月</span><span style=\"line-height:28px;font-size:14pt;\">28</span><span style=\"line-height:28px;font-size:14pt;\"><span>日</span>-2017年</span><span style=\"line-height:28px;font-size:14pt;\">3</span><span style=\"line-height:28px;font-size:14pt;\"><span>月</span></span><span style=\"line-height:28px;font-size:14pt;\">1</span><span style=\"line-height:28px;font-size:14pt;\"><span>日</span></span><span style=\"font-family:Calibri;font-size:12pt;\"></span>\r\n</p>\r\n<p class=\"p\" style=\"font-family:宋体;font-size:13px;text-indent:28pt;background:#FFFFFF;\">\r\n	<span style=\"line-height:28px;font-size:14pt;\">&nbsp;<span>如有异议请在公示期间联系班主任、辅导员或陈洪洪老师</span></span><span style=\"font-family:Calibri;font-size:12pt;\"></span>\r\n</p>\r\n<p class=\"p\" style=\"font-family:宋体;font-size:13px;text-indent:28pt;background:#FFFFFF;\">\r\n	<span style=\"line-height:28px;font-size:14pt;\">&nbsp;<span>公示期间联系电话：</span>0554-6673716</span>\r\n</p>\r\n<p class=\"p\" style=\"font-family:宋体;font-size:13px;text-indent:28pt;background:#FFFFFF;\">\r\n	<span style=\"line-height:28px;font-size:14pt;\">&nbsp;&nbsp;&nbsp;&nbsp;&nbsp;&nbsp;&nbsp;&nbsp;&nbsp;&nbsp;&nbsp;&nbsp;&nbsp;&nbsp;&nbsp;&nbsp;&nbsp;&nbsp;&nbsp;&nbsp;&nbsp;&nbsp;&nbsp;&nbsp;&nbsp;&nbsp;&nbsp;&nbsp;&nbsp;&nbsp;&nbsp;&nbsp;&nbsp;&nbsp;&nbsp;&nbsp;&nbsp;&nbsp;&nbsp;&nbsp;&nbsp;&nbsp;&nbsp;&nbsp;&nbsp;&nbsp;&nbsp;&nbsp;&nbsp; 机械与电气工程学院</span>\r\n</p>\r\n<p class=\"p\" style=\"font-family:宋体;font-size:13px;text-indent:28pt;background:#FFFFFF;\">\r\n	<span style=\"line-height:28px;font-size:14pt;\">&nbsp;&nbsp;&nbsp;&nbsp;&nbsp;&nbsp;&nbsp;&nbsp;&nbsp;&nbsp;&nbsp;&nbsp;&nbsp;&nbsp;&nbsp;&nbsp;&nbsp;&nbsp;&nbsp;&nbsp;&nbsp;&nbsp;&nbsp;&nbsp;&nbsp;&nbsp;&nbsp;&nbsp;&nbsp;&nbsp;&nbsp;&nbsp;&nbsp;&nbsp;&nbsp;&nbsp;&nbsp;&nbsp;&nbsp;&nbsp;&nbsp;&nbsp;&nbsp;&nbsp;&nbsp;&nbsp;&nbsp;&nbsp;&nbsp;&nbsp;&nbsp; 2017年02月28日</span>\r\n</p>'),
(3, 15, NULL, '<p class=\"MsoNormal\" style=\"font-family:宋体;font-size:13px;background-color:#FFFFFF;text-indent:30pt;\">\r\n	<span style=\"line-height:30px;color:#333333;font-size:15pt;\"><span>根据学校相关政策，遴选机械与电气工程学院</span>2016年度新疆民族生助学金名单如下：</span><span style=\"font-size:10.5pt;\"></span>\r\n</p>\r\n<p class=\"p\" style=\"font-family:宋体;font-size:13px;background-color:#FFFFFF;text-indent:30pt;\">\r\n	<span style=\"line-height:30px;color:#333333;font-size:15pt;\">1.</span><span style=\"line-height:14.4px;color:#333333;font-size:7pt;\">&nbsp;&nbsp;&nbsp;&nbsp;&nbsp;</span><span style=\"line-height:30px;color:#333333;font-size:15pt;\"><span>阿力木</span>·买买提，</span><span style=\"line-height:30px;color:#333333;font-size:15pt;\">1</span><span style=\"line-height:30px;color:#333333;font-size:15pt;\">5</span><span style=\"line-height:30px;color:#333333;font-size:15pt;\">级</span><span style=\"line-height:30px;color:#333333;font-size:15pt;\">电气工程及其自动化专业</span><span style=\"line-height:30px;color:#333333;font-size:15pt;\">1</span><span style=\"line-height:30px;color:#333333;font-size:15pt;\">班，学号为</span><span style=\"line-height:30px;color:#333333;font-size:15pt;\">1514020101</span><span style=\"line-height:30px;color:#333333;font-size:15pt;\">；</span><span style=\"font-size:12pt;\"></span>\r\n</p>\r\n<p class=\"p\" style=\"font-family:宋体;font-size:13px;background-color:#FFFFFF;text-indent:30pt;\">\r\n	<span style=\"line-height:30px;color:#333333;font-size:15pt;\">2.</span><span style=\"line-height:14.4px;color:#333333;font-size:7pt;\">&nbsp;&nbsp;&nbsp;&nbsp;&nbsp;</span><span style=\"line-height:30px;color:#333333;font-size:15pt;\"><span>浦尔哈提</span>·帕尔哈提，</span><span style=\"line-height:30px;color:#333333;font-size:15pt;\">1</span><span style=\"line-height:30px;color:#333333;font-size:15pt;\">5</span><span style=\"line-height:30px;color:#333333;font-size:15pt;\">级</span><span style=\"line-height:30px;color:#333333;font-size:15pt;\">电气工程及其自动化专业</span><span style=\"line-height:30px;color:#333333;font-size:15pt;\">2</span><span style=\"line-height:30px;color:#333333;font-size:15pt;\">班</span><span style=\"line-height:30px;color:#333333;font-size:15pt;\">，学号为</span><span style=\"line-height:30px;color:#333333;font-size:15pt;\">1514020220</span><span style=\"line-height:30px;color:#333333;font-size:15pt;\">。</span><span style=\"line-height:30px;color:#333333;font-size:15pt;\"></span>\r\n</p>\r\n<p class=\"p\" style=\"font-family:宋体;font-size:13px;background-color:#FFFFFF;text-indent:30pt;\">\r\n	<span style=\"line-height:30px;color:#333333;font-size:15pt;\">3</span><span style=\"line-height:30px;color:#333333;font-size:15pt;\">.</span><span style=\"line-height:14.4px;color:#333333;font-size:7pt;\">&nbsp;&nbsp;&nbsp;&nbsp;&nbsp;</span><span style=\"line-height:30px;color:#333333;font-size:15pt;\"><span>依力夏提江</span>·阿不力孜，</span><span style=\"line-height:30px;color:#333333;font-size:15pt;\">1</span><span style=\"line-height:30px;color:#333333;font-size:15pt;\">6</span><span style=\"line-height:30px;color:#333333;font-size:15pt;\">级</span><span style=\"line-height:30px;color:#333333;font-size:15pt;\">自动化专业</span><span style=\"line-height:30px;color:#333333;font-size:15pt;\">2</span><span style=\"line-height:30px;color:#333333;font-size:15pt;\">班，学号为</span><span style=\"line-height:30px;color:#333333;font-size:15pt;\">1614010235</span><span style=\"line-height:30px;color:#333333;font-size:15pt;\">。</span><span style=\"line-height:30px;color:#333333;font-size:15pt;\"></span>\r\n</p>\r\n<p class=\"MsoNormal\" style=\"font-family:宋体;font-size:13px;background-color:#FFFFFF;\">\r\n	<span style=\"color:#333333;font-size:15pt;\"><span>公示时间为</span>3个工作日（2017年1月6日-2017年1月8日）。如有异议，请于公示期间及时向学院反映，联系电话6673716。</span>\r\n</p>'),
(4, 15, NULL, '<p class=\"MsoNormal\" align=\"center\" style=\"font-family:宋体;font-size:13px;background-color:#FFFFFF;text-align:center;\">\r\n	<span style=\"font-family:黑体;font-size:18pt;\">机械与电气工程学院</span><span style=\"font-family:黑体;font-size:18pt;\">2016年</span><span style=\"font-family:黑体;font-size:18pt;\">国家助学金预发放名单</span><span style=\"font-family:黑体;font-size:18pt;\">公示</span><span style=\"font-family:黑体;font-size:18pt;\"></span>\r\n</p>\r\n<p class=\"MsoNormal\" align=\"center\" style=\"font-family:宋体;font-size:13px;background-color:#FFFFFF;text-align:center;\">\r\n	<strong><span style=\"font-size:18pt;\">&nbsp;</span></strong>\r\n</p>\r\n<p class=\"MsoNormal\" style=\"font-family:宋体;font-size:13px;background-color:#FFFFFF;\">\r\n	<span style=\"font-family:仿宋_GB2312;font-size:16pt;\">&nbsp;&nbsp;&nbsp;&nbsp;</span><span style=\"font-family:仿宋_GB2312;font-size:16pt;\">为切实做好我院国家助学金评审工作，</span><span style=\"font-family:仿宋_GB2312;font-size:16pt;\">根据淮南师范学院</span><span style=\"font-family:仿宋_GB2312;font-size:16pt;\">《</span><span style=\"font-family:仿宋_GB2312;font-size:16pt;\"><span>关于做好</span>2016年国家奖学金、国家励志奖学金和国家助学金评审推荐工作的通知</span><span style=\"font-family:仿宋_GB2312;font-size:16pt;\">》</span><span style=\"font-family:仿宋_GB2312;font-size:16pt;\">精神</span><span style=\"font-family:仿宋_GB2312;font-size:16pt;\">，</span><span style=\"font-family:仿宋_GB2312;font-size:16pt;\">坚持公开、公平、公正的原则，</span><span style=\"font-family:仿宋_GB2312;font-size:16pt;\">合理地分配资助资源，切实保证国家</span><span style=\"font-family:仿宋_GB2312;font-size:16pt;\">助学金</span><span style=\"font-family:仿宋_GB2312;font-size:16pt;\">真正落实到家庭经济困难学生身上，现将经本院各班</span><span style=\"font-family:仿宋_GB2312;font-size:16pt;\">民主</span><span style=\"font-family:仿宋_GB2312;font-size:16pt;\">评议，院学生工作领导小组审核，认为符合申请</span><span style=\"font-family:仿宋_GB2312;font-size:16pt;\">国家助学金</span><span style=\"font-family:仿宋_GB2312;font-size:16pt;\"><span>学生情况进行公示。公示时间为</span>5天，从201</span><span style=\"font-family:仿宋_GB2312;font-size:16pt;\">6</span><span style=\"font-family:仿宋_GB2312;font-size:16pt;\">年</span><span style=\"font-family:仿宋_GB2312;font-size:16pt;\">10</span><span style=\"font-family:仿宋_GB2312;font-size:16pt;\">月</span><span style=\"font-family:仿宋_GB2312;font-size:16pt;\">19</span><span style=\"font-family:仿宋_GB2312;font-size:16pt;\"><span>日至</span>201</span><span style=\"font-family:仿宋_GB2312;font-size:16pt;\">6</span><span style=\"font-family:仿宋_GB2312;font-size:16pt;\">年</span><span style=\"font-family:仿宋_GB2312;font-size:16pt;\">10</span><span style=\"font-family:仿宋_GB2312;font-size:16pt;\">月</span><span style=\"font-family:仿宋_GB2312;font-size:16pt;\">23</span><span style=\"font-family:仿宋_GB2312;font-size:16pt;\">日。公示期内接受本院全体老师和学生的监督，如有疑义，请与</span><span style=\"font-family:仿宋_GB2312;font-size:16pt;\">3号实验楼</span><span style=\"font-family:仿宋_GB2312;font-size:16pt;\">A10</span><span style=\"font-family:仿宋_GB2312;font-size:16pt;\">5</span><span style=\"font-family:仿宋_GB2312;font-size:16pt;\">办公室</span><span style=\"font-family:仿宋_GB2312;font-size:16pt;\">佟自光</span><span style=\"font-family:仿宋_GB2312;font-size:16pt;\">老师联系。</span><span style=\"font-family:仿宋_GB2312;font-size:16pt;\"></span>\r\n</p>\r\n<p class=\"MsoNormal\" style=\"font-family:宋体;font-size:13px;background-color:#FFFFFF;text-indent:32.25pt;\">\r\n	<span style=\"font-family:仿宋_GB2312;font-size:16pt;\">&nbsp;</span>\r\n</p>\r\n<p class=\"MsoNormal\" style=\"font-family:宋体;font-size:13px;background-color:#FFFFFF;\">\r\n	<span style=\"font-family:仿宋_GB2312;font-size:16pt;\"><span>联系电话：</span>0554-6</span><span style=\"font-family:仿宋_GB2312;font-size:16pt;\">673716</span>\r\n</p>'),
(5, 15, NULL, '<span style=\"background-color:#FFFFFF;font-size:16px;\">&nbsp;&nbsp;&nbsp;&nbsp;&nbsp;各位辅导员老师，2016年大学生创业项目申报工作已经启动，具体申报事宜已在群共享，学院网站（就业创业板块）、就业处网站、就业处创业教育专题网和淮师-career微信群等媒体平台发布，请及时查阅文件，再立体式、多渠道地通知到本院所有班级学生（包括应届毕业生），如有意向请按照文件要求进行申报，申报截止日期为4月20号，申报书纸质版和电子版统一交至李振处。（邮箱：&nbsp;</span><a href=\"mailto:619153529@qq.com\"><span style=\"font-size:16px;\">619153529@qq.com</span></a><span style=\"background-color:#FFFFFF;font-size:16px;\">）</span><span style=\"font-size:16px;\"></span><br />'),
(6, 15, NULL, '<p class=\"MsoNormal\" style=\"font-family:宋体;font-size:13px;background-color:#FFFFFF;\">\r\n	<span style=\"font-family:仿宋_GB2312;font-size:15pt;\">各二级学院及相关部门：</span><span style=\"font-family:仿宋_GB2312;font-size:15pt;\"></span>\r\n</p>\r\n<p class=\"MsoNormal\" style=\"font-family:宋体;font-size:13px;background-color:#FFFFFF;text-indent:30pt;\">\r\n	<span style=\"font-family:仿宋_GB2312;font-size:15pt;\">新生入学教育，是整个大学教育的起点，是新生入学后大学生涯的第一课，起着成才发展的“导航”作用，是一项十分重要的基础性工作。经研究，决定在2015级新生入学后全面开展入学教育工作。为确保新生入学教育的顺利完成，现将有关事宜通知如下：</span><span style=\"font-family:仿宋_GB2312;font-size:15pt;\"></span>\r\n</p>\r\n<p class=\"MsoNormal\" style=\"font-family:宋体;font-size:13px;background-color:#FFFFFF;text-indent:29.7pt;\">\r\n	<span style=\"font-family:黑体;font-size:15pt;\">一、入学教育时间安排</span><span style=\"font-family:黑体;font-size:15pt;\"></span>\r\n</p>\r\n<p class=\"MsoNormal\" style=\"font-family:宋体;font-size:13px;background-color:#FFFFFF;text-indent:37.05pt;\">\r\n	<span style=\"font-family:仿宋_GB2312;font-size:15pt;\">1．&nbsp;2015年9月6、7日新生入学报到。</span><span style=\"font-family:仿宋_GB2312;font-size:15pt;\"></span>\r\n</p>\r\n<p class=\"MsoNormal\" style=\"font-family:宋体;font-size:13px;background-color:#FFFFFF;text-indent:37.05pt;\">\r\n	<span style=\"font-family:仿宋_GB2312;font-size:15pt;\">2．9月8日上午8:30在</span><span style=\"font-family:仿宋_GB2312;font-size:15pt;\">塑胶运动场</span><span style=\"font-family:仿宋_GB2312;font-size:15pt;\">举行开学典礼。</span><span style=\"font-family:仿宋_GB2312;font-size:15pt;\"></span>\r\n</p>\r\n<p class=\"MsoNormal\" style=\"font-family:宋体;font-size:13px;background-color:#FFFFFF;text-indent:37.05pt;\">\r\n	<span style=\"font-family:仿宋_GB2312;font-size:15pt;\">3．9月8日—13日，各院系集中开展入学教育、广播操学习等活动，办理新生入学事务。</span><span style=\"font-family:仿宋_GB2312;font-size:15pt;\"></span>\r\n</p>\r\n<p class=\"MsoNormal\" style=\"font-family:宋体;font-size:13px;background-color:#FFFFFF;text-indent:37.05pt;\">\r\n	<span style=\"font-family:仿宋_GB2312;font-size:15pt;\">4.&nbsp;入学教育期间，办理相关事务：9月9日2015级新生电子图像采集工作；9月12日教材领取工作（具体要求及详细安排见教务处通知）、做好各项上课准备；军训及军训服装发放时间另行通知。</span><span style=\"font-family:仿宋_GB2312;font-size:15pt;\"></span>\r\n</p>\r\n<p class=\"MsoNormal\" style=\"font-family:宋体;font-size:13px;background-color:#FFFFFF;text-indent:29.7pt;\">\r\n	<span style=\"font-family:黑体;font-size:15pt;\">二、入学教育内容安排</span><span style=\"font-family:黑体;font-size:15pt;\"></span>\r\n</p>\r\n<p class=\"MsoNormal\" style=\"font-family:宋体;font-size:13px;background-color:#FFFFFF;text-indent:30pt;\">\r\n	<span style=\"font-family:仿宋_GB2312;font-size:15pt;\">（一）2015年新生入学教育要集中上好“五堂课”，具体内容如下：</span><span style=\"font-family:仿宋_GB2312;font-size:15pt;\"></span>\r\n</p>\r\n<p class=\"MsoNormal\" style=\"font-family:宋体;font-size:13px;background-color:#FFFFFF;text-indent:30.1pt;\">\r\n	<span style=\"font-family:仿宋_GB2312;font-size:15pt;font-weight:bold;\">1.&nbsp;专业教育课。</span><span style=\"font-family:仿宋_GB2312;font-size:15pt;\">分专业向学生介绍本专业发展情况、师资力量、教学条件、核心专业技能、就业前景等，以稳定新生的专业心理，提高学习的信心。（约2课时）</span><span style=\"font-family:仿宋_GB2312;font-size:15pt;\"></span>\r\n</p>\r\n<p class=\"MsoNormal\" style=\"font-family:宋体;font-size:13px;background-color:#FFFFFF;text-indent:30.1pt;\">\r\n	<span style=\"font-family:仿宋_GB2312;font-size:15pt;font-weight:bold;\">2.&nbsp;安全教育课。</span><span style=\"font-family:仿宋_GB2312;font-size:15pt;\">就新生入学后面临的主要安全问题，如消防安全、交通安全、食品安全、人身财物安全等具体内容进行教育。（约2课时）</span><span style=\"font-family:仿宋_GB2312;font-size:15pt;\"></span>\r\n</p>\r\n<p class=\"MsoNormal\" style=\"font-family:宋体;font-size:13px;background-color:#FFFFFF;text-indent:30.1pt;\">\r\n	<span style=\"font-family:仿宋_GB2312;font-size:15pt;font-weight:bold;\">3.&nbsp;养成教育课。</span><span style=\"font-family:仿宋_GB2312;font-size:15pt;\">围绕我校开展的系列养成教育如校园文明“十不”承诺，“三早”专项检查，新生早操、晚自习等具体内容进行教育。（约2课时）</span><span style=\"font-family:仿宋_GB2312;font-size:15pt;\"></span>\r\n</p>\r\n<p class=\"MsoNormal\" style=\"font-family:宋体;font-size:13px;background-color:#FFFFFF;text-indent:30.1pt;\">\r\n	<span style=\"font-family:仿宋_GB2312;font-size:15pt;font-weight:bold;\">4.&nbsp;纪律教育课。</span><span style=\"font-family:仿宋_GB2312;font-size:15pt;\">以我校《学生手册》中学生管理相关规定为教育准则进行校风校纪教育。（约1课时）</span><span style=\"font-family:仿宋_GB2312;font-size:15pt;font-weight:bold;\"></span>\r\n</p>\r\n<p class=\"MsoNormal\" style=\"font-family:宋体;font-size:13px;background-color:#FFFFFF;text-indent:30.1pt;\">\r\n	<span style=\"font-family:仿宋_GB2312;font-size:15pt;font-weight:bold;\">5.&nbsp;资助宣讲课。</span><span style=\"font-family:仿宋_GB2312;font-size:15pt;\">全面宣讲高校学生在校学习期间国家及学校出台的各项资助政策及具体的申请、发放操作办法。（约1课时）</span><span style=\"font-family:仿宋_GB2312;font-size:15pt;\"></span>\r\n</p>\r\n<p class=\"MsoNormal\" style=\"font-family:宋体;font-size:13px;background-color:#FFFFFF;text-indent:30pt;\">\r\n	<span style=\"font-family:仿宋_GB2312;font-size:15pt;\">（二）各二级学院开展新老生经验交流会。（约2课时）</span><span style=\"font-family:仿宋_GB2312;font-size:15pt;\"></span>\r\n</p>\r\n<p class=\"MsoNormal\" style=\"font-family:宋体;font-size:13px;background-color:#FFFFFF;text-indent:30pt;\">\r\n	<span style=\"font-family:仿宋_GB2312;font-size:15pt;\">（三）各二级学院根据实际自行安排其他入学教育活动。</span><span style=\"font-family:仿宋_GB2312;font-size:15pt;\"></span>\r\n</p>\r\n<p class=\"MsoNormal\" style=\"font-family:宋体;font-size:13px;background-color:#FFFFFF;text-indent:30pt;\">\r\n	<span style=\"font-family:仿宋_GB2312;font-size:15pt;\">（四）以二级学院为组织单位，分班开展新生的广播体操学习。（新生广播体操学习安排表近期另行通知）</span><span style=\"font-family:仿宋_GB2312;font-size:15pt;\"></span>\r\n</p>\r\n<p class=\"MsoNormal\" style=\"font-family:宋体;font-size:13px;background-color:#FFFFFF;text-indent:29.7pt;\">\r\n	<span style=\"font-family:黑体;font-size:15pt;\">三、工作分工</span><span style=\"font-family:黑体;font-size:15pt;\"></span>\r\n</p>\r\n<p class=\"MsoNormal\" style=\"font-family:宋体;font-size:13px;background-color:#FFFFFF;text-indent:30pt;\">\r\n	<span style=\"font-family:仿宋_GB2312;font-size:15pt;\">1.&nbsp;教务处牵头商各二级学院，设计制作专业教育课授课提纲和教育资料。</span><span style=\"font-family:仿宋_GB2312;font-size:15pt;\"></span>\r\n</p>\r\n<p class=\"MsoNormal\" style=\"font-family:宋体;font-size:13px;background-color:#FFFFFF;text-indent:30pt;\">\r\n	<span style=\"font-family:仿宋_GB2312;font-size:15pt;\">2.&nbsp;学生处牵头设计制作安全教育课、养成教育课、纪律教育课和资助宣讲课授课提纲和教学PPT。</span><span style=\"font-family:仿宋_GB2312;font-size:15pt;\"></span>\r\n</p>\r\n<p class=\"MsoNormal\" style=\"font-family:宋体;font-size:13px;background-color:#FFFFFF;text-indent:30pt;\">\r\n	<span style=\"font-family:仿宋_GB2312;font-size:15pt;\">3.&nbsp;各二级学院组织相关教师和辅导员、班主任根据授课提纲和教学PPT入班进行教育。</span><span style=\"font-family:仿宋_GB2312;font-size:15pt;\"></span>\r\n</p>\r\n<p class=\"MsoNormal\" style=\"font-family:宋体;font-size:13px;background-color:#FFFFFF;text-indent:30pt;\">\r\n	<span style=\"font-family:仿宋_GB2312;font-size:15pt;\">4.&nbsp;体院学院牵头安排各二级学院的新生广播体操教学训练。</span><span style=\"font-family:仿宋_GB2312;font-size:15pt;\"></span>\r\n</p>\r\n<p class=\"MsoNormal\" style=\"font-family:宋体;font-size:13px;background-color:#FFFFFF;text-indent:30pt;\">\r\n	<span style=\"font-family:仿宋_GB2312;font-size:15pt;\">5.&nbsp;学校成立入学教育督查组进行督促检查。</span><span style=\"font-family:仿宋_GB2312;font-size:15pt;\"></span>\r\n</p>\r\n<p class=\"MsoNormal\" style=\"font-family:宋体;font-size:13px;background-color:#FFFFFF;text-indent:29.7pt;\">\r\n	<span style=\"font-family:黑体;font-size:15pt;\">四、注意事项</span><span style=\"font-family:黑体;font-size:15pt;\"></span>\r\n</p>\r\n<p class=\"MsoNormal\" style=\"font-family:宋体;font-size:13px;background-color:#FFFFFF;text-indent:30pt;\">\r\n	<span style=\"font-family:仿宋_GB2312;font-size:15pt;\">1.&nbsp;9月8日，学生处将入学教育相关授课提纲和教学PPT电子版发布到各二级学院；9月9日各二级学院报新生入学教育安排表（包括入学教育、广播操学习、新生入学事务等内容）至学生处学生教育科，同时报送院长办公室、教务处。</span><span style=\"font-family:仿宋_GB2312;font-size:15pt;\"></span>\r\n</p>\r\n<p class=\"MsoNormal\" style=\"font-family:宋体;font-size:13px;background-color:#FFFFFF;text-indent:30pt;\">\r\n	<span style=\"font-family:仿宋_GB2312;font-size:15pt;\">2.&nbsp;各二级学院及相关部门按照学校指导意见，统筹安排入学教育、广播操学习、新生入学事务等活动，并严格落实。</span><span style=\"font-family:仿宋_GB2312;font-size:15pt;\"></span>\r\n</p>\r\n<p class=\"MsoNormal\" style=\"font-family:宋体;font-size:13px;background-color:#FFFFFF;text-indent:30pt;\">\r\n	<span style=\"font-family:仿宋_GB2312;font-size:15pt;\">3.&nbsp;各二级学院新生入学教育等活动期间，由辅导员、班主任组织带领学生到相关地点听课学习，并负责做好考勤。</span><span style=\"font-family:仿宋_GB2312;font-size:15pt;\"></span>\r\n</p>\r\n<p class=\"MsoNormal\" style=\"font-family:宋体;font-size:13px;background-color:#FFFFFF;text-indent:30pt;\">\r\n	<span style=\"font-family:仿宋_GB2312;font-size:15pt;\">4.&nbsp;新生入学教育是学生思想教育工作的重要组成部分，任何部门和个人不得占用学生入学教育时间。</span><span style=\"font-family:仿宋_GB2312;font-size:15pt;\"></span>\r\n</p>\r\n<p class=\"MsoNormal\" style=\"font-family:宋体;font-size:13px;background-color:#FFFFFF;text-indent:30pt;\">\r\n	<span style=\"font-family:仿宋_GB2312;font-size:15pt;\">特此通知</span><span style=\"font-family:仿宋_GB2312;font-size:15pt;\"></span>\r\n</p>\r\n<p class=\"MsoNormal\" style=\"font-family:宋体;font-size:13px;background-color:#FFFFFF;text-indent:30pt;\">\r\n	<span style=\"font-family:仿宋_GB2312;font-size:15pt;\">&nbsp;</span>\r\n</p>\r\n<p class=\"MsoNormal\" style=\"font-family:宋体;font-size:13px;background-color:#FFFFFF;text-indent:21pt;\">\r\n	<span style=\"font-family:仿宋_GB2312;font-size:15pt;\">&nbsp;</span>\r\n</p>\r\n<p class=\"MsoNormal\" style=\"font-family:宋体;font-size:13px;background-color:#FFFFFF;text-indent:30pt;\">\r\n	<span style=\"font-family:仿宋_GB2312;font-size:15pt;\">&nbsp;&nbsp;&nbsp;&nbsp;&nbsp;&nbsp;&nbsp;&nbsp;&nbsp;&nbsp;&nbsp;&nbsp;&nbsp;&nbsp;&nbsp;&nbsp;&nbsp;&nbsp;&nbsp;&nbsp;&nbsp;&nbsp;&nbsp;&nbsp;&nbsp;&nbsp;&nbsp;&nbsp;&nbsp;&nbsp;&nbsp;&nbsp;&nbsp;淮南师范学院</span>\r\n</p>');
INSERT INTO `jd_con_article` (`content_id`, `class_id`, `url`, `body`) VALUES
(7, 15, NULL, '<p class=\"MsoNormal\" align=\"left\" style=\"font-family:宋体;font-size:13px;background-color:#FFFFFF;text-indent:30pt;\">\r\n	<span><span style=\"font-family:仿宋_GB2312;\">为进一步强化教学工作中心地位，充分调动广大教职员工参与教学建设和改革工作的积极性和创造性，提高教育教学质量、培养高素质应用型人才，特制定本办法。</span><strong><span style=\"font-family:仿宋_GB2312;\"></span></strong></span>\r\n</p>\r\n<p class=\"MsoNormal\" align=\"center\" style=\"font-family:宋体;font-size:13px;background-color:#FFFFFF;text-align:center;\">\r\n	<span><strong><span style=\"font-family:黑体;\">第一章</span></strong><strong><span>&nbsp;&nbsp;</span></strong><strong><span style=\"font-family:黑体;\">总</span></strong><strong><span>&nbsp;&nbsp;</span></strong><strong><span style=\"font-family:黑体;\">则</span></strong><span style=\"font-family:黑体;\"></span></span>\r\n</p>\r\n<p class=\"MsoNormal\" align=\"left\" style=\"font-family:宋体;font-size:13px;background-color:#FFFFFF;text-indent:30pt;\">\r\n	<span><span style=\"font-family:黑体;\">第一条<strong>&nbsp;</strong></span><strong><span>&nbsp;</span></strong><span style=\"font-family:仿宋_GB2312;\">指导思想</span><strong><span style=\"font-family:黑体;\"></span></strong></span>\r\n</p>\r\n<p class=\"MsoNormal\" align=\"left\" style=\"font-family:宋体;font-size:13px;background-color:#FFFFFF;text-indent:30pt;\">\r\n	<span><span style=\"font-family:仿宋_GB2312;\">深入贯彻落实《国家中长期教育改革和发展规划纲要（<span>2010-2020</span>年）》、安徽省教育厅《关于深化高等教育教学改革 全面提高人才培养质量的若干意见》等文件精神，构建并完善有利于本科教学和人才培养工作的体制机制，激发办学的生机和活力，努力造就一支师德高尚、爱岗敬业、充满活力、潜心育人的高素质专业化教师队伍，为提高学校核心竞争力和综合实力奠定坚实基础。</span><span style=\"font-family:仿宋_GB2312;\"></span></span>\r\n</p>\r\n<p class=\"MsoNormal\" style=\"font-family:宋体;font-size:13px;background-color:#FFFFFF;text-indent:31.8pt;\">\r\n	<span><span style=\"font-family:黑体;\">第二条&nbsp;</span><span>&nbsp;</span><span style=\"font-family:仿宋_GB2312;\">基本原则</span><span style=\"font-family:黑体;\"></span></span>\r\n</p>\r\n<p class=\"MsoNormal\" style=\"font-family:宋体;font-size:13px;background-color:#FFFFFF;text-indent:32pt;\">\r\n	<span><span style=\"font-family:仿宋_GB2312;\">面向一线。紧密围绕人才培养，表彰奖励在本科教学工作各领域、各环节取得优异成绩的一线教师和</span><span style=\"font-family:仿宋_GB2312;\">教学管理人员</span><span style=\"font-family:仿宋_GB2312;\">。</span><span style=\"font-family:仿宋_GB2312;\"></span></span>\r\n</p>\r\n<p class=\"MsoNormal\" style=\"font-family:宋体;font-size:13px;background-color:#FFFFFF;text-indent:32pt;\">\r\n	<span><span style=\"font-family:仿宋_GB2312;\">推进改革。紧密围绕内涵建设，表彰奖励在创新人才培养模式，推进教学管理改革，营造优良教风学风等方面思路清晰、措施得力、效果明显的教学单位和部门。</span><span style=\"font-family:仿宋_GB2312;\"></span></span>\r\n</p>\r\n<p class=\"MsoNormal\" style=\"font-family:宋体;font-size:13px;background-color:#FFFFFF;text-indent:32pt;\">\r\n	<span><span style=\"font-family:仿宋_GB2312;\">突出示范。大力支持本科教学和人才培养综合改革，重点表彰在优化资源配置、创新管理模式、提升办学效益等方面</span><span style=\"font-family:仿宋_GB2312;\">取得突出成绩的单位和个人。</span><span style=\"font-family:仿宋_GB2312;\"></span></span>\r\n</p>\r\n<p class=\"MsoNormal\" align=\"left\" style=\"font-family:宋体;font-size:13px;background-color:#FFFFFF;text-indent:31.8pt;\">\r\n	<span><span style=\"font-family:黑体;\">第三条</span><strong><span>&nbsp;</span></strong><span style=\"font-family:仿宋_GB2312;\">教学奖励经费为专项经费，在学校年度预算中单列，专款专用。</span><span style=\"font-family:仿宋_GB2312;\"></span></span>\r\n</p>\r\n<p class=\"MsoNormal\" style=\"font-family:宋体;font-size:13px;background-color:#FFFFFF;text-indent:31.8pt;\">\r\n	<span><span style=\"font-family:黑体;\">第四条&nbsp;</span><span>&nbsp;</span><span style=\"font-family:仿宋_GB2312;\">教学奖励范围包括：教学荣誉奖、教学成果奖、教学研究奖、教材建设奖、学科与技能竞赛奖、本科教学工程项目奖、教学管理奖、教学质量奖、专业建设奖等。</span><span style=\"font-family:仿宋_GB2312;\"></span></span>\r\n</p>\r\n<p class=\"MsoNormal\" align=\"center\" style=\"font-family:宋体;font-size:13px;background-color:#FFFFFF;text-align:center;\">\r\n	<span><strong><span style=\"font-family:黑体;\">第二章</span></strong><strong><span>&nbsp;</span></strong><strong><span style=\"font-family:黑体;\">&nbsp;</span></strong><strong><span style=\"font-family:黑体;\">奖励项目及标准</span></strong><strong><span style=\"font-family:黑体;\"></span></strong></span>\r\n</p>\r\n<p class=\"MsoNormal\" style=\"font-family:宋体;font-size:13px;background-color:#FFFFFF;text-indent:31.8pt;\">\r\n	<span><span style=\"font-family:黑体;\">第五条</span><strong><span style=\"font-family:仿宋_GB2312;\">&nbsp;</span></strong><span style=\"font-family:仿宋_GB2312;\">教学荣誉奖：指由国家、省级教育主管部门以及学校评选的教学工作先进个人或授予的各种教学类荣誉称号，包括：教学名师奖、教坛新秀奖等。奖励标准如下：</span><span style=\"font-family:仿宋_GB2312;\"></span></span>\r\n</p>\r\n<p class=\"MsoNormal\" style=\"font-family:宋体;font-size:13px;background-color:#FFFFFF;text-indent:32pt;\">\r\n	<span><span style=\"font-family:仿宋_GB2312;\">1</span><span style=\"font-family:仿宋_GB2312;\">．教学名师奖</span><span style=\"font-family:仿宋_GB2312;\"></span></span>\r\n</p>\r\n<p class=\"MsoNormal\" style=\"font-family:宋体;font-size:13px;background-color:#FFFFFF;text-indent:32pt;\">\r\n	<span><span style=\"font-family:仿宋_GB2312;\">（<span>1</span>）国家级教学名师奖：<span>8</span>万元；</span><span style=\"font-family:仿宋_GB2312;\"></span></span>\r\n</p>\r\n<p class=\"MsoNormal\" style=\"font-family:宋体;font-size:13px;background-color:#FFFFFF;text-indent:32pt;\">\r\n	<span><span style=\"font-family:仿宋_GB2312;\">（<span>2</span>）省级教学名师奖：<span>2</span>万元；</span><span style=\"font-family:仿宋_GB2312;\"></span></span>\r\n</p>\r\n<p class=\"MsoNormal\" style=\"font-family:宋体;font-size:13px;background-color:#FFFFFF;text-indent:32pt;\">\r\n	<span><span style=\"font-family:仿宋_GB2312;\">（<span>3</span>）校级教学名师奖：<span>1</span>万元。</span><span style=\"font-family:仿宋_GB2312;\"></span></span>\r\n</p>\r\n<p class=\"MsoNormal\" style=\"font-family:宋体;font-size:13px;background-color:#FFFFFF;text-indent:32pt;\">\r\n	<span><span style=\"font-family:仿宋_GB2312;\">2</span><span style=\"font-family:仿宋_GB2312;\">．教坛新秀奖</span><span style=\"font-family:仿宋_GB2312;\"></span></span>\r\n</p>\r\n<p class=\"MsoNormal\" style=\"font-family:宋体;font-size:13px;background-color:#FFFFFF;text-indent:32pt;\">\r\n	<span><span style=\"font-family:仿宋_GB2312;\">（<span>1</span>）省级教坛新秀奖：<span>1</span>万元；</span><span style=\"font-family:仿宋_GB2312;\"></span></span>\r\n</p>\r\n<p class=\"MsoNormal\" style=\"font-family:宋体;font-size:13px;background-color:#FFFFFF;text-indent:32pt;\">\r\n	<span><span style=\"font-family:仿宋_GB2312;\">（<span>2</span>）校级教坛新秀奖：<span>0.5</span>万元。</span><span style=\"font-family:仿宋_GB2312;\"></span></span>\r\n</p>\r\n<p class=\"MsoNormal\" style=\"font-family:宋体;font-size:13px;background-color:#FFFFFF;text-indent:31.8pt;\">\r\n	<span><span style=\"font-family:黑体;\">第六条</span><strong><span>&nbsp;</span></strong><strong><span style=\"font-family:仿宋_GB2312;\">&nbsp;</span></strong><span style=\"font-family:仿宋_GB2312;\">教学成果奖：教学成果奖是指由教育部、省教育厅以及学校组织评审的，以淮南师范学院为第一成果单位的项目负责人及项目组获得的教学成果。奖励标准如下：</span><span style=\"font-family:仿宋_GB2312;\"></span></span>\r\n</p>\r\n<p class=\"MsoNormal\" style=\"font-family:宋体;font-size:13px;background-color:#FFFFFF;text-indent:32pt;\">\r\n	<span><span style=\"font-family:仿宋_GB2312;\">1</span><span style=\"font-family:仿宋_GB2312;\">．国家级教学成果奖<span></span></span></span>\r\n</p>\r\n<p class=\"MsoNormal\" style=\"font-family:宋体;font-size:13px;background-color:#FFFFFF;text-indent:32pt;\">\r\n	<span><span style=\"font-family:仿宋_GB2312;\">（<span>1</span>）特等奖：<span>20</span>万元；</span><span style=\"font-family:仿宋_GB2312;\"></span></span>\r\n</p>\r\n<p class=\"MsoNormal\" style=\"font-family:宋体;font-size:13px;background-color:#FFFFFF;text-indent:32pt;\">\r\n	<span><span style=\"font-family:仿宋_GB2312;\">（<span>2</span>）一等奖：<span>10</span>万元；</span><span style=\"font-family:仿宋_GB2312;\"></span></span>\r\n</p>\r\n<p class=\"MsoNormal\" style=\"font-family:宋体;font-size:13px;background-color:#FFFFFF;text-indent:32pt;\">\r\n	<span><span style=\"font-family:仿宋_GB2312;\">（<span>3</span>）二等奖：<span>6</span>万元。</span><span style=\"font-family:仿宋_GB2312;\"></span></span>\r\n</p>\r\n<p class=\"MsoNormal\" style=\"font-family:宋体;font-size:13px;background-color:#FFFFFF;text-indent:32pt;\">\r\n	<span><span style=\"font-family:仿宋_GB2312;\">2</span><span style=\"font-family:仿宋_GB2312;\">．省级教学成果奖<span></span></span></span>\r\n</p>\r\n<p class=\"MsoNormal\" style=\"font-family:宋体;font-size:13px;background-color:#FFFFFF;text-indent:32pt;\">\r\n	<span><span style=\"font-family:仿宋_GB2312;\">（<span>1</span>）特等奖：<span>3</span>万元；</span><span style=\"font-family:仿宋_GB2312;\"></span></span>\r\n</p>\r\n<p class=\"MsoNormal\" style=\"font-family:宋体;font-size:13px;background-color:#FFFFFF;text-indent:32pt;\">\r\n	<span><span style=\"font-family:仿宋_GB2312;\">（<span>2</span>）一等奖：<span>2</span>万元；</span><span style=\"font-family:仿宋_GB2312;\"></span></span>\r\n</p>\r\n<p class=\"MsoNormal\" style=\"font-family:宋体;font-size:13px;background-color:#FFFFFF;text-indent:32pt;\">\r\n	<span><span style=\"font-family:仿宋_GB2312;\">（<span>3</span>）二等奖：<span>1</span>万元；</span><span style=\"font-family:仿宋_GB2312;\"></span></span>\r\n</p>\r\n<p class=\"MsoNormal\" style=\"font-family:宋体;font-size:13px;background-color:#FFFFFF;text-indent:32pt;\">\r\n	<span><span style=\"font-family:仿宋_GB2312;\">（<span>4</span>）三等奖：<span>0.5</span>万元。</span><span style=\"font-family:仿宋_GB2312;\"></span></span>\r\n</p>\r\n<p class=\"MsoNormal\" style=\"font-family:宋体;font-size:13px;background-color:#FFFFFF;text-indent:32pt;\">\r\n	<span><span style=\"font-family:仿宋_GB2312;\">3</span><span style=\"font-family:仿宋_GB2312;\">．校级教学成果奖<span></span></span></span>\r\n</p>\r\n<p class=\"MsoNormal\" style=\"font-family:宋体;font-size:13px;background-color:#FFFFFF;text-indent:32pt;\">\r\n	<span><span style=\"font-family:仿宋_GB2312;\">（<span>1</span>）特等奖：<span>1</span>万元；</span><span style=\"font-family:仿宋_GB2312;\"></span></span>\r\n</p>\r\n<p class=\"MsoNormal\" style=\"font-family:宋体;font-size:13px;background-color:#FFFFFF;text-indent:32pt;\">\r\n	<span><span style=\"font-family:仿宋_GB2312;\">（<span>2</span>）一等奖：<span>0.6</span>万元；</span><span style=\"font-family:仿宋_GB2312;\"></span></span>\r\n</p>\r\n<p class=\"MsoNormal\" style=\"font-family:宋体;font-size:13px;background-color:#FFFFFF;text-indent:32pt;\">\r\n	<span><span style=\"font-family:仿宋_GB2312;\">（<span>3</span>）二等奖：<span>0.4</span>万元；</span><span style=\"font-family:仿宋_GB2312;\"></span></span>\r\n</p>\r\n<p class=\"MsoNormal\" style=\"font-family:宋体;font-size:13px;background-color:#FFFFFF;text-indent:32pt;\">\r\n	<span><span style=\"font-family:仿宋_GB2312;\">（<span>4</span>）三等奖：<span>0.2</span>万元。</span><span style=\"font-family:仿宋_GB2312;\"></span></span>\r\n</p>\r\n<p class=\"MsoNormal\" style=\"font-family:宋体;font-size:13px;background-color:#FFFFFF;text-indent:31.8pt;\">\r\n	<span><span style=\"font-family:黑体;\">第七条</span><strong><span style=\"font-family:仿宋_GB2312;\">&nbsp;</span></strong><span style=\"font-family:仿宋_GB2312;\">教学研究奖：包括教研项目申报成功奖和结题优秀奖。奖励标准如下：</span><span style=\"font-family:仿宋_GB2312;\"></span></span>\r\n</p>\r\n<p class=\"MsoNormal\" style=\"font-family:宋体;font-size:13px;background-color:#FFFFFF;text-indent:32pt;\">\r\n	<span><span style=\"font-family:仿宋_GB2312;\">1</span><span style=\"font-family:仿宋_GB2312;\">．教研项目申报成功奖</span><span style=\"font-family:仿宋_GB2312;\"></span></span>\r\n</p>\r\n<p class=\"MsoNormal\" style=\"font-family:宋体;font-size:13px;background-color:#FFFFFF;text-indent:32pt;\">\r\n	<span><span style=\"font-family:仿宋_GB2312;\">（<span>1</span>）省级振兴计划重大教研项目奖：<span>0.5</span>万元；</span><span style=\"font-family:仿宋_GB2312;\"></span></span>\r\n</p>\r\n<p class=\"MsoNormal\" style=\"font-family:宋体;font-size:13px;background-color:#FFFFFF;text-indent:32pt;\">\r\n	<span><span style=\"font-family:仿宋_GB2312;\">（<span>2</span>）省级提升计划重点教研项目奖：<span>0.1</span>万元；</span><span style=\"font-family:仿宋_GB2312;\"></span></span>\r\n</p>\r\n<p class=\"MsoNormal\" style=\"font-family:宋体;font-size:13px;background-color:#FFFFFF;text-indent:32pt;\">\r\n	<span><span style=\"font-family:仿宋_GB2312;\">（<span>3</span>）省级提升计划一般教研项目奖：<span>0.05</span>万元。</span><span style=\"font-family:仿宋_GB2312;\"></span></span>\r\n</p>\r\n<p class=\"MsoNormal\" style=\"font-family:宋体;font-size:13px;background-color:#FFFFFF;text-indent:32pt;\">\r\n	<span><span style=\"font-family:仿宋_GB2312;\">2</span><span style=\"font-family:仿宋_GB2312;\">．教研项目结题优秀奖</span><span style=\"font-family:仿宋_GB2312;\"></span></span>\r\n</p>\r\n<p class=\"MsoNormal\" style=\"font-family:宋体;font-size:13px;background-color:#FFFFFF;text-indent:32pt;\">\r\n	<span><span style=\"font-family:仿宋_GB2312;\">（<span>1</span>）省级重大（重点）教研项目奖：<span>0.5</span>万元；</span><span style=\"font-family:仿宋_GB2312;\"></span></span>\r\n</p>\r\n<p class=\"MsoNormal\" style=\"font-family:宋体;font-size:13px;background-color:#FFFFFF;text-indent:32pt;\">\r\n	<span><span style=\"font-family:仿宋_GB2312;\">（<span>2</span>）省级一般教研项目奖：<span>0.1</span>万元；</span><span style=\"font-family:仿宋_GB2312;\"></span></span>\r\n</p>\r\n<p class=\"MsoNormal\" style=\"font-family:宋体;font-size:13px;background-color:#FFFFFF;text-indent:32pt;\">\r\n	<span><span style=\"font-family:仿宋_GB2312;\">（<span>3</span>）校级教研项目奖：<span>0.05</span>万元。</span><span style=\"font-family:仿宋_GB2312;\"></span></span>\r\n</p>\r\n<p class=\"MsoNormal\" style=\"font-family:宋体;font-size:13px;background-color:#FFFFFF;text-indent:32.15pt;\">\r\n	<span><span style=\"font-family:黑体;\">第八条</span><strong><span style=\"font-family:仿宋_GB2312;\">&nbsp;</span></strong><span style=\"font-family:仿宋_GB2312;\">教材建设奖：指经教育部、省教育厅或学校评审确定的，我校教师任第一主编且正式出版（不包括学术专著）的在用优秀教材。奖励标准如下：</span><span style=\"font-family:仿宋_GB2312;\"></span></span>\r\n</p>\r\n<p class=\"MsoNormal\" style=\"font-family:宋体;font-size:13px;background-color:#FFFFFF;text-indent:32pt;\">\r\n	<span><span style=\"font-family:仿宋_GB2312;\">1</span><span style=\"font-family:仿宋_GB2312;\">．国家级优秀教材奖：<span>3.0</span>万元；</span><span style=\"font-family:仿宋_GB2312;\"></span></span>\r\n</p>\r\n<p class=\"MsoNormal\" style=\"font-family:宋体;font-size:13px;background-color:#FFFFFF;text-indent:32pt;\">\r\n	<span><span style=\"font-family:仿宋_GB2312;\">2</span><span style=\"font-family:仿宋_GB2312;\">．省级优秀教材奖：<span>1.0</span>万元；</span><span style=\"font-family:仿宋_GB2312;\"></span></span>\r\n</p>\r\n<p class=\"MsoNormal\" style=\"font-family:宋体;font-size:13px;background-color:#FFFFFF;text-indent:32pt;\">\r\n	<span><span style=\"font-family:仿宋_GB2312;\">3</span><span style=\"font-family:仿宋_GB2312;\">．校级优秀教材奖：<span>0.5</span>万元。</span><span style=\"font-family:仿宋_GB2312;\"></span></span>\r\n</p>\r\n<p class=\"MsoNormal\" style=\"font-family:宋体;font-size:13px;background-color:#FFFFFF;text-indent:32pt;\">\r\n	<span><span style=\"font-family:黑体;\">第九条</span><span style=\"font-family:仿宋_GB2312;\">&nbsp;学科与技能竞赛奖：指由国家、省级政府部门、高等院校、学术团体组织举办的，旨在提升大学生学科专业技能的课外科技竞赛活动。具体奖励标准按《淮南师范学院大学生学科与技能竞赛实施办法》执行。</span><span style=\"font-family:仿宋_GB2312;\"></span></span>\r\n</p>\r\n<p class=\"MsoNormal\" style=\"font-family:宋体;font-size:13px;background-color:#FFFFFF;text-indent:32.15pt;\">\r\n	<span><span style=\"font-family:黑体;\">第十条</span><strong><span style=\"font-family:仿宋_GB2312;\">&nbsp;</span></strong><span style=\"font-family:仿宋_GB2312;\">本科教学工程项目奖：指在教育部、省教育厅和学校本科教学工程立项评选中获得立项，或在项目结题时被评为优秀等级的各类项目，包括：</span><span style=\"font-family:仿宋_GB2312;\"></span></span>\r\n</p>\r\n<p class=\"MsoNormal\" style=\"font-family:宋体;font-size:13px;background-color:#FFFFFF;text-indent:32.15pt;\">\r\n	<span><span style=\"font-family:仿宋_GB2312;\">1</span><span style=\"font-family:仿宋_GB2312;\">．专业建设类：（<span>1</span>）特色专业；（<span>2</span>）专业综合改革试点；（<span>3</span>）专业改造与新专业建设等。</span><span style=\"font-family:仿宋_GB2312;\"></span></span>\r\n</p>\r\n<p class=\"MsoNormal\" style=\"font-family:宋体;font-size:13px;background-color:#FFFFFF;text-indent:32.15pt;\">\r\n	<span><span style=\"font-family:仿宋_GB2312;\">2</span><span style=\"font-family:仿宋_GB2312;\">．课程建设类：（<span>1</span>）优秀课程；（<span>2</span>）精品课程；（<span>3</span>）精品资源共享课程；（<span>4</span>）精品视频公开课程；（<span>5</span>）<span>MOOC</span>课程。</span><span style=\"font-family:仿宋_GB2312;\"></span></span>\r\n</p>\r\n<p class=\"MsoNormal\" style=\"font-family:宋体;font-size:13px;background-color:#FFFFFF;text-indent:32.15pt;\">\r\n	<span><span style=\"font-family:仿宋_GB2312;\">3</span><span style=\"font-family:仿宋_GB2312;\">．实践教学类：（<span>1</span>）实践教学示范中心；（<span>2</span>）校企合作实践基地。</span><span style=\"font-family:仿宋_GB2312;\"></span></span>\r\n</p>\r\n<p class=\"MsoNormal\" style=\"font-family:宋体;font-size:13px;background-color:#FFFFFF;text-indent:32.15pt;\">\r\n	<span><span style=\"font-family:仿宋_GB2312;\">4</span><span style=\"font-family:仿宋_GB2312;\">．其他：（<span>1</span>）卓越人才教育培养计划；（<span>2</span>）教学团队；（<span>3</span>）应用型教师教学能力发展中心等集体建设类项目。<span></span></span></span>\r\n</p>\r\n<p class=\"MsoNormal\" style=\"font-family:宋体;font-size:13px;background-color:#FFFFFF;text-indent:32.15pt;\">\r\n	<span><span style=\"font-family:仿宋_GB2312;\">奖励标准如下：</span><span style=\"font-family:仿宋_GB2312;\"></span></span>\r\n</p>\r\n<p class=\"MsoNormal\" style=\"font-family:宋体;font-size:13px;background-color:#FFFFFF;text-indent:32pt;\">\r\n	<span><span style=\"font-family:仿宋_GB2312;\">1</span><span style=\"font-family:仿宋_GB2312;\">．立项奖励</span><span style=\"font-family:仿宋_GB2312;\"></span></span>\r\n</p>\r\n<p class=\"MsoNormal\" style=\"font-family:宋体;font-size:13px;background-color:#FFFFFF;text-indent:41.7pt;\">\r\n	<span><span style=\"font-family:仿宋_GB2312;\">（<span>1</span>）国家级项目：<span>3</span>万元；</span><span style=\"font-family:仿宋_GB2312;\"></span></span>\r\n</p>\r\n<p class=\"MsoNormal\" style=\"font-family:宋体;font-size:13px;background-color:#FFFFFF;text-indent:41.7pt;\">\r\n	<span><span style=\"font-family:仿宋_GB2312;\">（<span>2</span>）省级振兴计划项目：<span>1</span>万元；</span><span style=\"font-family:仿宋_GB2312;\"></span></span>\r\n</p>\r\n<p class=\"MsoNormal\" style=\"font-family:宋体;font-size:13px;background-color:#FFFFFF;text-indent:41.7pt;\">\r\n	<span><span style=\"font-family:仿宋_GB2312;\">（<span>3</span>）省级提升计划项目：<span>0.5</span>万元；</span><span style=\"font-family:仿宋_GB2312;\"></span></span>\r\n</p>\r\n<p class=\"MsoNormal\" style=\"font-family:宋体;font-size:13px;background-color:#FFFFFF;text-indent:41.7pt;\">\r\n	<span><span style=\"font-family:仿宋_GB2312;\">（<span>4</span>）校级项目：<span>0.1</span>万元。</span><span style=\"font-family:仿宋_GB2312;\"></span></span>\r\n</p>\r\n<p class=\"MsoNormal\" style=\"font-family:宋体;font-size:13px;background-color:#FFFFFF;text-indent:32pt;\">\r\n	<span><span style=\"font-family:仿宋_GB2312;\">2</span><span style=\"font-family:仿宋_GB2312;\">．结题优秀奖励</span><span style=\"font-family:仿宋_GB2312;\"></span></span>\r\n</p>\r\n<p class=\"MsoNormal\" style=\"font-family:宋体;font-size:13px;background-color:#FFFFFF;text-indent:41.7pt;\">\r\n	<span><span style=\"font-family:仿宋_GB2312;\">（<span>1</span>）国家级项目：<span>3</span>万元；</span><span style=\"font-family:仿宋_GB2312;\"></span></span>\r\n</p>\r\n<p class=\"MsoNormal\" style=\"font-family:宋体;font-size:13px;background-color:#FFFFFF;text-indent:41.7pt;\">\r\n	<span><span style=\"font-family:仿宋_GB2312;\">（<span>2</span>）省级振兴计划项目：<span>1</span>万元；</span><span style=\"font-family:仿宋_GB2312;\"></span></span>\r\n</p>\r\n<p class=\"MsoNormal\" style=\"font-family:宋体;font-size:13px;background-color:#FFFFFF;text-indent:41.7pt;\">\r\n	<span><span style=\"font-family:仿宋_GB2312;\">（<span>3</span>）省级提升计划项目：<span>0.5</span>万元；</span><span style=\"font-family:仿宋_GB2312;\"></span></span>\r\n</p>\r\n<p class=\"MsoNormal\" style=\"font-family:宋体;font-size:13px;background-color:#FFFFFF;text-indent:41.7pt;\">\r\n	<span><span style=\"font-family:仿宋_GB2312;\">（<span>4</span>）校级项目：<span>0.1</span>万元。</span><span style=\"font-family:仿宋_GB2312;\"></span></span>\r\n</p>\r\n<p class=\"MsoNormal\" style=\"font-family:宋体;font-size:13px;background-color:#FFFFFF;text-indent:31.8pt;\">\r\n	<span><span style=\"font-family:黑体;\">第十一条</span><span style=\"font-family:仿宋_GB2312;\">&nbsp;教学管理奖：指获得国家、省级教育主管部门以及学校表彰的教学管理类先进集体，包括：优秀教学管理集体（二级单位）、优秀系（教研室）、优秀实验中心（实验室）、优秀教学管理个人等称号。奖励标准如下：</span><span style=\"font-family:仿宋_GB2312;\"></span></span>\r\n</p>\r\n<p class=\"MsoNormal\" style=\"font-family:宋体;font-size:13px;background-color:#FFFFFF;text-indent:32pt;\">\r\n	<span><span style=\"font-family:仿宋_GB2312;\">1</span><span style=\"font-family:仿宋_GB2312;\">．优秀教学管理单位</span><span style=\"font-family:仿宋_GB2312;\"></span></span>\r\n</p>\r\n<p class=\"MsoNormal\" style=\"font-family:宋体;font-size:13px;background-color:#FFFFFF;text-indent:32pt;\">\r\n	<span><span style=\"font-family:仿宋_GB2312;\">（<span>1</span>）省级优秀教学管理单位：<span>4</span>万元；</span><span style=\"font-family:仿宋_GB2312;\"></span></span>\r\n</p>\r\n<p class=\"MsoNormal\" style=\"font-family:宋体;font-size:13px;background-color:#FFFFFF;text-indent:32pt;\">\r\n	<span><span style=\"font-family:仿宋_GB2312;\">（<span>2</span>）校级优秀教学管理单位：一等奖<span>3</span>万元，二等奖<span>2</span>万元，三等奖<span>1</span>万元；</span><span style=\"font-family:仿宋_GB2312;\"></span></span>\r\n</p>\r\n<p class=\"MsoNormal\" style=\"font-family:宋体;font-size:13px;background-color:#FFFFFF;text-indent:32pt;\">\r\n	<span><span style=\"font-family:仿宋_GB2312;\">2</span><span style=\"font-family:仿宋_GB2312;\">．优秀系（教研室）、优秀实验中心（实验室）</span><span style=\"font-family:仿宋_GB2312;\"></span></span>\r\n</p>\r\n<p class=\"MsoNormal\" style=\"font-family:宋体;font-size:13px;background-color:#FFFFFF;text-indent:32pt;\">\r\n	<span><span style=\"font-family:仿宋_GB2312;\">校级一等奖：<span>1</span>万元，二等奖：<span>0.5</span>万元，三等奖：<span>0.3</span>万元。</span><span style=\"font-family:仿宋_GB2312;\"></span></span>\r\n</p>\r\n<p class=\"MsoNormal\" style=\"font-family:宋体;font-size:13px;background-color:#FFFFFF;text-indent:32pt;\">\r\n	<span><span style=\"font-family:仿宋_GB2312;\">3</span><span style=\"font-family:仿宋_GB2312;\">．优秀教学管理个人</span><span style=\"font-family:仿宋_GB2312;\"></span></span>\r\n</p>\r\n<p class=\"MsoNormal\" style=\"font-family:宋体;font-size:13px;background-color:#FFFFFF;text-indent:32pt;\">\r\n	<span><span style=\"font-family:仿宋_GB2312;\">（<span>1</span>）省级优秀教学管理个人：<span>1</span>万元；</span><span style=\"font-family:仿宋_GB2312;\"></span></span>\r\n</p>\r\n<p class=\"MsoNormal\" style=\"font-family:宋体;font-size:13px;background-color:#FFFFFF;text-indent:32pt;\">\r\n	<span><span style=\"font-family:仿宋_GB2312;\">（<span>2</span>）校级优秀教学管理个人：<span>0.5</span>万元。</span><span style=\"font-family:仿宋_GB2312;\"></span></span>\r\n</p>\r\n<p class=\"MsoNormal\" style=\"font-family:宋体;font-size:13px;background-color:#FFFFFF;text-indent:32.15pt;\">\r\n	<span><span style=\"font-family:黑体;\">第十二条</span><strong><span style=\"font-family:仿宋_GB2312;\">&nbsp;</span></strong><span style=\"font-family:仿宋_GB2312;\">教学质量奖：指在国家、省级教育主管部门以及学校组织的各类教学竞赛活动中获得优秀成绩的个人。包括：教学质量优秀奖、教学竞赛奖、多媒体课件大赛奖、年度教学考核优秀奖等。奖励标准如下：</span><span style=\"font-family:仿宋_GB2312;\"></span></span>\r\n</p>\r\n<p class=\"MsoNormal\" style=\"font-family:宋体;font-size:13px;background-color:#FFFFFF;text-indent:32pt;\">\r\n	<span><span style=\"font-family:仿宋_GB2312;\">1</span><span style=\"font-family:仿宋_GB2312;\">．教学质量优秀奖</span><span style=\"font-family:仿宋_GB2312;\"></span></span>\r\n</p>\r\n<p class=\"MsoNormal\" style=\"font-family:宋体;font-size:13px;background-color:#FFFFFF;text-indent:32pt;\">\r\n	<span><span style=\"font-family:仿宋_GB2312;\">校级教学质量优秀奖：<span>0.6</span>万元。</span><span style=\"font-family:仿宋_GB2312;\"></span></span>\r\n</p>\r\n<p class=\"MsoNormal\" style=\"font-family:宋体;font-size:13px;background-color:#FFFFFF;text-indent:32pt;\">\r\n	<span><span style=\"font-family:仿宋_GB2312;\">2</span><span style=\"font-family:仿宋_GB2312;\">．教学竞赛奖</span><span style=\"font-family:仿宋_GB2312;\"></span></span>\r\n</p>\r\n<p class=\"MsoNormal\" style=\"font-family:宋体;font-size:13px;background-color:#FFFFFF;text-indent:32pt;\">\r\n	<span style=\"font-family:仿宋_GB2312;\"><span>（<span>1</span>）国家级一等奖：<span>2.0</span>万元<span>;</span></span></span>\r\n</p>\r\n<p class=\"MsoNormal\" style=\"font-family:宋体;font-size:13px;background-color:#FFFFFF;text-indent:32pt;\">\r\n	<span style=\"font-family:仿宋_GB2312;\"><span>（<span>2</span>）国家级二等奖：<span>1.0</span>万元<span>;</span></span></span>\r\n</p>\r\n<p class=\"MsoNormal\" style=\"font-family:宋体;font-size:13px;background-color:#FFFFFF;text-indent:32pt;\">\r\n	<span style=\"font-family:仿宋_GB2312;\"><span>（<span>3</span>）国家级三等奖：<span>0.5</span>万元<span>;</span></span></span>\r\n</p>\r\n<p class=\"MsoNormal\" style=\"font-family:宋体;font-size:13px;background-color:#FFFFFF;text-indent:32pt;\">\r\n	<span style=\"font-family:仿宋_GB2312;\"><span>（<span>4</span>）省级一等奖：<span>1.0</span>万元<span>;</span></span></span>\r\n</p>\r\n<p class=\"MsoNormal\" style=\"font-family:宋体;font-size:13px;background-color:#FFFFFF;text-indent:32pt;\">\r\n	<span style=\"font-family:仿宋_GB2312;\"><span>（<span>5</span>）省级二等奖：<span>0.5</span>万元<span>;</span></span></span>\r\n</p>\r\n<p class=\"MsoNormal\" style=\"font-family:宋体;font-size:13px;background-color:#FFFFFF;text-indent:32pt;\">\r\n	<span><span style=\"font-family:仿宋_GB2312;\">（<span>6</span>）省级三等奖：<span>0.3</span>万元；</span><span style=\"font-family:仿宋_GB2312;\"></span></span>\r\n</p>\r\n<p class=\"MsoNormal\" style=\"font-family:宋体;font-size:13px;background-color:#FFFFFF;text-indent:32pt;\">\r\n	<span><span style=\"font-family:仿宋_GB2312;\">（<span>7</span>）青年教师教学基本功竞赛校级一等奖：<span>0.4</span>万元；</span><span style=\"font-family:仿宋_GB2312;\"></span></span>\r\n</p>\r\n<p class=\"MsoNormal\" style=\"font-family:宋体;font-size:13px;background-color:#FFFFFF;text-indent:32pt;\">\r\n	<span><span style=\"font-family:仿宋_GB2312;\">（<span>8</span>）青年教师教学基本功竞赛校级二等奖：<span>0.3</span>万元；</span><span style=\"font-family:仿宋_GB2312;\"></span></span>\r\n</p>\r\n<p class=\"MsoNormal\" style=\"font-family:宋体;font-size:13px;background-color:#FFFFFF;text-indent:32pt;\">\r\n	<span><span style=\"font-family:仿宋_GB2312;\">（<span>9</span>）青年教师教学基本功竞赛校级三等奖：<span>0.2</span>万元。</span><span style=\"font-family:仿宋_GB2312;\"></span></span>\r\n</p>\r\n<p class=\"MsoNormal\" style=\"font-family:宋体;font-size:13px;background-color:#FFFFFF;text-indent:34.2pt;\">\r\n	<span><span style=\"font-family:仿宋_GB2312;\">3</span><span style=\"font-family:仿宋_GB2312;\">．多媒体课件大赛奖</span><strong><span style=\"font-family:仿宋_GB2312;\"></span></strong></span>\r\n</p>\r\n<p class=\"MsoNormal\" style=\"font-family:宋体;font-size:13px;background-color:#FFFFFF;text-indent:32pt;\">\r\n	<span><span style=\"font-family:仿宋_GB2312;\">（<span>1</span>）省级特等奖：<span>1.0</span>万元；</span><span style=\"font-family:仿宋_GB2312;\"></span></span>\r\n</p>\r\n<p class=\"MsoNormal\" style=\"font-family:宋体;font-size:13px;background-color:#FFFFFF;text-indent:32pt;\">\r\n	<span style=\"font-family:仿宋_GB2312;\"><span>（<span>2</span>）省级一等奖：<span>0.5</span>万元<span>;</span></span></span>\r\n</p>\r\n<p class=\"MsoNormal\" style=\"font-family:宋体;font-size:13px;background-color:#FFFFFF;text-indent:32pt;\">\r\n	<span style=\"font-family:仿宋_GB2312;\"><span>（<span>3</span>）省级二等奖：<span>0.3</span>万元<span>;</span></span></span>\r\n</p>\r\n<p class=\"MsoNormal\" style=\"font-family:宋体;font-size:13px;background-color:#FFFFFF;text-indent:32pt;\">\r\n	<span><span style=\"font-family:仿宋_GB2312;\">（<span>4</span>）省级三等奖：<span>0.1</span>万元；</span><span style=\"font-family:仿宋_GB2312;\"></span></span>\r\n</p>\r\n<p class=\"MsoNormal\" style=\"font-family:宋体;font-size:13px;background-color:#FFFFFF;text-indent:32pt;\">\r\n	<span><span style=\"font-family:仿宋_GB2312;\">（<span>5</span>）校级一等奖：<span>0.3</span>万元；</span><span style=\"font-family:仿宋_GB2312;\"></span></span>\r\n</p>\r\n<p class=\"MsoNormal\" style=\"font-family:宋体;font-size:13px;background-color:#FFFFFF;text-indent:32pt;\">\r\n	<span><span style=\"font-family:仿宋_GB2312;\">（<span>6</span>）校级二等奖：<span>0.2</span>万元；</span><span style=\"font-family:仿宋_GB2312;\"></span></span>\r\n</p>\r\n<p class=\"MsoNormal\" style=\"font-family:宋体;font-size:13px;background-color:#FFFFFF;text-indent:32pt;\">\r\n	<span><span style=\"font-family:仿宋_GB2312;\">（<span>7</span>）校级三等奖：<span>0.1</span>万元。</span><span style=\"font-family:仿宋_GB2312;\"></span></span>\r\n</p>\r\n<p class=\"MsoNormal\" style=\"font-family:宋体;font-size:13px;background-color:#FFFFFF;text-indent:32pt;\">\r\n	<span><span style=\"font-family:仿宋_GB2312;\">4</span><span style=\"font-family:仿宋_GB2312;\">．校级年度教学考核优秀奖<span>:0.3</span>万元。</span><span style=\"font-family:仿宋_GB2312;\"></span></span>\r\n</p>\r\n<p class=\"MsoNormal\" style=\"font-family:宋体;font-size:13px;background-color:#FFFFFF;text-indent:31.8pt;\">\r\n	<span><span style=\"font-family:黑体;\">第十三条<strong>&nbsp;</strong></span><span style=\"font-family:仿宋_GB2312;\">专业建设奖：包括申报新专业、人才培养方案修订等工作奖励。奖励标准如下：</span><span style=\"font-family:仿宋_GB2312;\"></span></span>\r\n</p>\r\n<p class=\"MsoNormal\" style=\"font-family:宋体;font-size:13px;background-color:#FFFFFF;text-indent:32.15pt;\">\r\n	<span><span style=\"font-family:仿宋_GB2312;\">1</span><span style=\"font-family:仿宋_GB2312;\">．新专业申报</span><span style=\"font-family:仿宋_GB2312;\"></span></span>\r\n</p>\r\n<p class=\"MsoNormal\" style=\"font-family:宋体;font-size:13px;background-color:#FFFFFF;text-indent:32.15pt;\">\r\n	<span><span style=\"font-family:仿宋_GB2312;\">（<span>1</span>）通过校级遴选报送省教育厅：<span>3000</span>元；</span><span style=\"font-family:仿宋_GB2312;\"></span></span>\r\n</p>\r\n<p class=\"MsoNormal\" style=\"font-family:宋体;font-size:13px;background-color:#FFFFFF;text-indent:32.15pt;\">\r\n	<span><span style=\"font-family:仿宋_GB2312;\">（<span>2</span>）通过教育部审核获准招生：<span>6000</span>元；</span><span style=\"font-family:仿宋_GB2312;\"></span></span>\r\n</p>\r\n<p class=\"MsoNormal\" style=\"font-family:宋体;font-size:13px;background-color:#FFFFFF;text-indent:32.15pt;\">\r\n	<span><span style=\"font-family:仿宋_GB2312;\">（<span>3</span>）目录外专业通过教育部评审获准招生：<span>10000</span>元。</span><span style=\"font-family:仿宋_GB2312;\"></span></span>\r\n</p>\r\n<p class=\"MsoNormal\" style=\"font-family:宋体;font-size:13px;background-color:#FFFFFF;text-indent:32.15pt;\">\r\n	<span><span style=\"font-family:仿宋_GB2312;\">2</span><span style=\"font-family:仿宋_GB2312;\">．经专家审核通过的人才培养方案修订</span><span style=\"font-family:仿宋_GB2312;\"></span></span>\r\n</p>\r\n<p class=\"MsoNormal\" style=\"font-family:宋体;font-size:13px;background-color:#FFFFFF;text-indent:32.15pt;\">\r\n	<span><span style=\"font-family:仿宋_GB2312;\">按每个专业<span>3000</span>元的标准执行。</span><span style=\"font-family:仿宋_GB2312;\"></span></span>\r\n</p>\r\n<p class=\"MsoNormal\" align=\"center\" style=\"font-family:宋体;font-size:13px;background-color:#FFFFFF;text-align:center;\">\r\n	<span><strong><span style=\"font-family:黑体;\">第三章</span></strong><strong><span>&nbsp;&nbsp;</span></strong><strong><span style=\"font-family:黑体;\">附</span></strong><strong><span>&nbsp;</span></strong><strong><span style=\"font-family:黑体;\">则</span></strong><strong><span style=\"font-family:黑体;\"></span></strong></span>\r\n</p>\r\n<p class=\"MsoNormal\" style=\"font-family:宋体;font-size:13px;background-color:#FFFFFF;text-indent:32.3pt;\">\r\n	<span><span style=\"font-family:黑体;\">第十四条</span><strong><span style=\"font-family:仿宋_GB2312;\">&nbsp;</span></strong><span style=\"font-family:仿宋_GB2312;\">上述奖项中，教学名师奖、教坛新秀奖荣誉称号有效期为三年，其它项目不设时限。</span><span style=\"font-family:仿宋_GB2312;\"></span></span>\r\n</p>\r\n<p class=\"MsoNormal\" style=\"font-family:宋体;font-size:13px;background-color:#FFFFFF;text-indent:32.3pt;\">\r\n	<span><span style=\"font-family:黑体;\">第十五条</span><span>&nbsp;</span><span style=\"font-family:黑体;\">&nbsp;</span><span style=\"font-family:仿宋_GB2312;\">若连续三年获得教学质量优秀奖，第三年奖励金额为<span>3</span>万元。</span><strong><span style=\"font-family:仿宋_GB2312;\"></span></strong></span>\r\n</p>\r\n<p class=\"MsoNormal\" style=\"font-family:宋体;font-size:13px;background-color:#FFFFFF;text-indent:32.3pt;\">\r\n	<span><span style=\"font-family:黑体;\">第十六条</span><span>&nbsp;</span><span style=\"font-family:仿宋_GB2312;\">&nbsp;</span><span style=\"font-family:仿宋_GB2312;\">同一项目按最高档次奖励一次，不重复奖励。</span><span style=\"font-family:仿宋_GB2312;\"></span></span>\r\n</p>\r\n<p class=\"MsoNormal\" style=\"font-family:宋体;font-size:13px;background-color:#FFFFFF;text-indent:32.3pt;\">\r\n	<span><span style=\"font-family:黑体;\">第十七条</span><span>&nbsp;</span><strong><span style=\"font-family:仿宋_GB2312;\">&nbsp;</span></strong><span style=\"font-family:仿宋_GB2312;\">当年统计只奖励上一年度的获奖项目，奖励项目统计时间从上一年度<span>1</span>月<span>1</span>日至<span>12</span>月<span>31</span>日。</span><span style=\"font-family:仿宋_GB2312;\"></span></span>\r\n</p>\r\n<p class=\"MsoNormal\" style=\"font-family:宋体;font-size:13px;background-color:#FFFFFF;text-indent:32.3pt;\">\r\n	<span><span style=\"font-family:黑体;\">第十八条</span><span>&nbsp;</span><span style=\"font-family:仿宋_GB2312;\">&nbsp;</span><span style=\"font-family:仿宋_GB2312;\">本办法自发布之日起执行，由教务处负责解释。学校原有文件中有关教学奖励的条款自动废止。</span><span></span></span>\r\n</p>\r\n<p class=\"MsoNormal\" style=\"font-family:宋体;font-size:13px;background-color:#FFFFFF;text-indent:30pt;\">\r\n	<span style=\"line-height:24.05px;font-family:方正仿宋_GBK;\"><span>&nbsp;</span></span>\r\n</p>'),
(8, 5, NULL, '<p class=\"MsoNormal\" style=\"font-family:宋体;font-size:13px;background-color:#FFFFFF;text-align:justify;text-indent:24pt;\">\r\n	<span style=\"font-size:12pt;\">1月12日上午9：00，机械与电气工程学院在实验楼3B-201召开党政联席会议，讨论并制度人才引进工作方案。院长赵耀军、党总支书记王战修、常务副院长杨国诗、副书记唐亮以及其他总支委员参加了讨论。</span><span style=\"font-size:12pt;\"></span>\r\n</p>\r\n<p class=\"MsoNormal\" style=\"font-family:宋体;font-size:13px;background-color:#FFFFFF;text-align:justify;text-indent:24pt;\">\r\n	<span style=\"font-size:12pt;\">会上，王战修首先详细讲解了学校2016年人才引进的要求与目标，结合机电学院工作进展的实际找出了面对的主要问题与困难。杨国诗从专业建设的角度解析人才引进工作的重点与轻重缓急。</span><span style=\"font-size:12pt;\"></span>\r\n</p>\r\n<p class=\"MsoNormal\" style=\"font-family:宋体;font-size:13px;background-color:#FFFFFF;\">\r\n	<span style=\"font-size:12pt;\">最后，大家集思广益，形成了符合学院实际的2016年人才引进工作方案。方案主要包括，在校人事处指导下进一步细化待遇、毕业院校及专业的要求；加强招聘信息的网络宣传；积极联系兄弟学校，精准定位人才引进对象；发动教师参与人才引进工作；积极参与面向高级人才的招聘会。</span>\r\n</p>'),
(9, 5, NULL, '<table width=\"100%\" border=\"0\" cellspacing=\"0\" cellpadding=\"0\" class=\"content ke-zeroborder\" style=\"color:#000000;font-family:宋体;font-size:13px;background-color:#FFFFFF;\">\r\n	<tbody>\r\n		<tr>\r\n			<td>\r\n				<table width=\"100%\" border=\"0\" cellpadding=\"0\" cellspacing=\"0\" class=\"ke-zeroborder\">\r\n					<tbody>\r\n						<tr>\r\n							<td align=\"center\" valign=\"middle\">\r\n								<table width=\"82%\" border=\"0\" cellspacing=\"0\" cellpadding=\"0\" class=\"ke-zeroborder\">\r\n									<tbody>\r\n										<tr>\r\n											<td height=\"20\">\r\n											</td>\r\n										</tr>\r\n									</tbody>\r\n								</table>\r\n							</td>\r\n						</tr>\r\n					</tbody>\r\n				</table>\r\n			</td>\r\n		</tr>\r\n		<tr>\r\n			<td>\r\n				<table width=\"100%\" border=\"0\" cellspacing=\"0\" cellpadding=\"0\" style=\"background:url(&quot;\" class=\"ke-zeroborder\">\r\n					<tbody>\r\n						<tr>\r\n							<td width=\"18\">\r\n							</td>\r\n							<td align=\"center\" valign=\"top\" class=\"bj1\">\r\n								<table width=\"82%\" border=\"0\" cellpadding=\"0\" cellspacing=\"0\" class=\"ke-zeroborder\">\r\n									<tbody>\r\n										<tr>\r\n											<td height=\"360\" valign=\"top\" class=\"content2\" align=\"left\">\r\n												<p>\r\n													<span><strong><u><span style=\"line-height:19.5px;color:red;\">★</span></u></strong><span style=\"line-height:19.5px;color:blue;\">教</span><span style=\"line-height:19.5px;color:blue;\">&nbsp;&nbsp;&nbsp;&nbsp;&nbsp;&nbsp;</span><span style=\"line-height:19.5px;color:blue;\">授： &nbsp;&nbsp;</span><span style=\"line-height:19.5px;color:#164A59;\">赵耀军</span><span style=\"line-height:19.5px;color:#164A59;\">&nbsp;</span><span style=\"line-height:19.5px;color:blue;\">&nbsp;</span><span style=\"line-height:19.5px;color:#164A59;\"><a href=\"http://211.70.176.161:8080/dqxxgcx/default3.aspx?entityid=fS46L04&amp;fid=1\"><span style=\"color:#164A59;\"><span>杨国诗</span></span></a></span><span style=\"line-height:19.5px;color:#164A59;\"><br />\r\n</span></span><span><strong><u><span style=\"line-height:19.5px;color:red;\">★</span></u></strong><span style=\"line-height:19.5px;color:blue;\">副</span><span style=\"line-height:19.5px;color:blue;\">&nbsp;&nbsp;</span><span style=\"line-height:19.5px;color:blue;\">教</span><span style=\"line-height:19.5px;color:blue;\">&nbsp;&nbsp;</span><span style=\"line-height:19.5px;color:blue;\">授</span><span style=\"line-height:19.5px;color:#164A59;\">： &nbsp; 贾</span><span style=\"line-height:19.5px;color:#164A59;\">&nbsp;&nbsp;</span><span style=\"line-height:19.5px;color:#164A59;\">群</span><span style=\"line-height:19.5px;color:#164A59;\">&nbsp;&nbsp;</span><span style=\"line-height:19.5px;color:#164A59;\">伍 &nbsp;龙</span></span><span><span style=\"line-height:19.5px;color:#164A59;\"><br />\r\n</span></span><span><strong><u><span style=\"line-height:19.5px;color:red;\">★</span></u></strong><span style=\"line-height:19.5px;color:blue;\">博</span><span style=\"line-height:19.5px;color:blue;\">士（含在读）：</span><span style=\"line-height:19.5px;color:#164A59;\">徐小军</span><span style=\"line-height:19.5px;color:#164A59;\">&nbsp;&nbsp;&nbsp;</span><span style=\"line-height:19.5px;color:#164A59;\">贾</span><span style=\"line-height:19.5px;color:#164A59;\">&nbsp;&nbsp;</span><span style=\"line-height:19.5px;color:#164A59;\">群<br />\r\n</span></span><span><u><span style=\"line-height:19.5px;color:red;\">★</span></u><span style=\"line-height:19.5px;color:blue;\">教学系（中心）设置：</span></span>\r\n												</p>\r\n												<p>\r\n													<span><span style=\"line-height:19.5px;color:blue;\">&nbsp; &nbsp;轨道交通信号与控制系（5人）： &nbsp; &nbsp; &nbsp;</span></span><span style=\"color:#164A59;font-size:small;line-height:19px;\">刘团结、</span><span style=\"font-size:small;line-height:19px;color:#164A59;\"><a href=\"http://211.70.176.161:8080/dqxxgcx/default3.aspx?entityid=fS46L04&amp;fid=1\"><span style=\"color:#164A59;\">杨国诗</span></a></span><span style=\"font-size:small;line-height:19px;color:#164A59;\">、</span><span style=\"color:#164A59;font-size:small;line-height:19px;\">娄建国、张 &nbsp;龙、赵 &nbsp;阳</span>&nbsp;\r\n												</p>\r\n												<p>\r\n													<span><span style=\"line-height:19.5px;color:blue;\">&nbsp; &nbsp;电 &nbsp;气 &nbsp;工 &nbsp;程 &nbsp;系（5</span><span style=\"line-height:19.5px;color:blue;\">人）</span><span style=\"line-height:19.5px;color:blue;\">： &nbsp; &nbsp; &nbsp;&nbsp;</span><span style=\"line-height:19.5px;color:#164A59;\">贾</span><span style=\"line-height:19.5px;color:#164A59;\">&nbsp;&nbsp;</span><span style=\"line-height:19.5px;color:#164A59;\">群、徐小军、胡艳丽</span><span style=\"line-height:19.5px;\">、</span><span style=\"line-height:19.5px;color:#164A59;\">戴文俊、朱 &nbsp;婕<br />\r\n</span></span><span style=\"font-size:small;line-height:19.5px;color:blue;\">&nbsp; &nbsp;自 &nbsp;动 &nbsp;化 &nbsp;工 &nbsp;程 &nbsp;系（5</span><span style=\"font-size:small;line-height:19.5px;color:blue;\">人）： &nbsp;&nbsp;</span><span style=\"color:#164A59;font-size:small;line-height:19px;\">聂文艳、</span><span style=\"font-size:small;line-height:19.5px;color:#164A59;\">伍</span><span style=\"font-size:small;line-height:19.5px;color:#164A59;\">&nbsp;&nbsp;</span><span style=\"font-size:small;line-height:19.5px;color:#164A59;\">龙、韩</span><span style=\"font-size:small;line-height:19.5px;color:#164A59;\">&nbsp;&nbsp;</span><span style=\"font-size:small;line-height:19.5px;color:#164A59;\">芳、朱玉琴、陈大广</span>\r\n												</p>\r\n												<p>\r\n													<span><span style=\"line-height:19.5px;color:blue;\">&nbsp; &nbsp;机械工程系（含实验实训中心，</span><span style=\"line-height:19.5px;color:blue;\">6</span><span style=\"line-height:19.5px;color:blue;\">人）：</span><span style=\"line-height:19.5px;color:#164A59;\">苗</span><span style=\"line-height:19.5px;color:#164A59;\">&nbsp;&nbsp;</span><span style=\"line-height:19.5px;color:#164A59;\">磊、</span></span><span style=\"font-size:small;line-height:19px;color:#164A59;\">徐</span><span style=\"font-size:small;line-height:19px;color:#164A59;\">&nbsp;&nbsp;</span><span style=\"font-size:small;line-height:19px;color:#164A59;\">刚、</span><span style=\"color:#164A59;font-size:small;line-height:19px;\">赵耀军、</span><span><span style=\"line-height:19.5px;color:#164A59;\">孙</span><span style=\"line-height:19.5px;color:#164A59;\">&nbsp;&nbsp;</span><span style=\"line-height:19.5px;color:#164A59;\">静、缪玉桂、王 &nbsp;鹏</span><span style=\"line-height:19.5px;\"><span>、</span></span></span><span style=\"font-size:small;line-height:19.5px;color:#164A59;\">朱</span><span style=\"font-size:small;line-height:19.5px;color:#164A59;\">&nbsp;&nbsp;</span><span style=\"font-size:small;line-height:19.5px;color:#164A59;\">婕</span>\r\n												</p>\r\n												<p>\r\n													<span><span style=\"line-height:19.5px;color:#164A59;\"><span></span></span></span><span><strong><u><span style=\"line-height:19.5px;color:red;\">★</span></u></strong><span style=\"line-height:19.5px;color:blue;\">辅导员：</span><span style=\"line-height:19.5px;color:#164A59;\">佟自光、李</span><span style=\"line-height:19.5px;color:#164A59;\">&nbsp;&nbsp;</span><span style=\"line-height:19.5px;color:#164A59;\">媛、李</span><span style=\"line-height:19.5px;color:#164A59;\">&nbsp;&nbsp;</span><span style=\"line-height:19.5px;color:#164A59;\">振、陈洪洪</span></span>\r\n												</p>\r\n												<p>\r\n													<span><span style=\"line-height:19.5px;color:#164A59;\"><br />\r\n</span></span><span><strong><u><span style=\"line-height:19.5px;color:red;\">★</span></u></strong><span style=\"line-height:19.5px;color:blue;\">行政管理机构及负责人<br />\r\n</span></span><span><span style=\"line-height:19.5px;color:blue;\">&nbsp; 院</span><span style=\"line-height:19.5px;color:blue;\">&nbsp; &nbsp; &nbsp;&nbsp;</span><span style=\"line-height:19.5px;color:blue;\">长： &nbsp;</span><span style=\"line-height:19.5px;color:#164A59;\">赵耀军<br />\r\n</span></span><span><span style=\"line-height:19.5px;color:blue;\">&nbsp; 党总支书记： &nbsp;</span><span style=\"line-height:19.5px;color:#164A59;\">王战修</span><span style=\"line-height:19.5px;color:#164A59;\"></span></span>\r\n												</p>\r\n												<p>\r\n													<span><span style=\"line-height:19.5px;color:blue;\">&nbsp; 常务</span><span style=\"line-height:19.5px;color:blue;\">副院长： &nbsp;</span><span style=\"line-height:19.5px;color:#164A59;\"><a href=\"http://211.70.176.161:8080/dqxxgcx/default3.aspx?entityid=fS46L04&amp;fid=1\"><span style=\"color:#164A59;\"><span>杨国诗</span></span></a><br />\r\n</span></span><span><span style=\"line-height:19.5px;color:blue;\">&nbsp; 党总支副书记</span><span style=\"line-height:19.5px;color:blue;\">：</span><span style=\"line-height:19.5px;\"><span>唐 &nbsp;亮</span></span><span style=\"line-height:19.5px;color:#164A59;\"><a href=\"http://211.70.176.161:8080/dqxxgcx/default3.aspx?entityid=fS46L04&amp;fid=1\"><span style=\"color:#164A59;\"><br />\r\n</span></a></span></span><span><span style=\"line-height:19.5px;color:blue;\">&nbsp; 工&nbsp;</span><span style=\"line-height:19.5px;color:blue;\">会</span><span style=\"line-height:19.5px;color:blue;\">&nbsp;</span><span style=\"line-height:19.5px;color:blue;\">主&nbsp;</span><span style=\"line-height:19.5px;color:blue;\">席：</span><span style=\"line-height:19.5px;color:#164A59;\">&nbsp;胡艳丽 &nbsp; &nbsp; &nbsp; &nbsp;<br />\r\n</span></span><span><span style=\"line-height:19.5px;color:blue;\">&nbsp; 办</span><span style=\"line-height:19.5px;color:blue;\">&nbsp;&nbsp;</span><span style=\"line-height:19.5px;color:blue;\">公</span><span style=\"line-height:19.5px;color:blue;\">&nbsp; &nbsp;</span><span style=\"line-height:19.5px;color:blue;\">室：&nbsp;</span><span style=\"line-height:19.5px;\"><span>佟自光</span></span><span style=\"line-height:19.5px;color:#164A59;\"><br />\r\n</span></span><span><span style=\"line-height:19.5px;color:blue;\">&nbsp; 教学与科研办公室：</span></span>&nbsp;<span style=\"font-size:small;line-height:19px;color:#164A59;\">伍</span><span style=\"font-size:small;line-height:19px;color:#164A59;\">&nbsp;&nbsp;</span><span style=\"font-size:small;line-height:19px;color:#164A59;\">龙、范文文</span><span><span style=\"line-height:19.5px;color:#164A59;\"><br />\r\n</span></span><span><span style=\"line-height:19.5px;color:blue;\">&nbsp; 学生工作办公室（含团总支）：</span></span><span style=\"font-size:small;line-height:19px;color:#164A59;\">李</span><span style=\"font-size:small;line-height:19px;color:#164A59;\">&nbsp;&nbsp;</span><span style=\"font-size:small;line-height:19px;color:#164A59;\">媛</span>\r\n												</p>\r\n											</td>\r\n										</tr>\r\n									</tbody>\r\n								</table>\r\n							</td>\r\n						</tr>\r\n					</tbody>\r\n				</table>\r\n			</td>\r\n		</tr>\r\n	</tbody>\r\n</table>'),
(10, 6, NULL, '<p class=\"MsoNormal\" align=\"center\" style=\"font-family:宋体;font-size:13px;background-color:#FFFFFF;\">\r\n	<strong><span style=\"font-size:12pt;\">机械设计制造及其自动化专业</span></strong>\r\n</p>\r\n<p class=\"MsoNormal\" align=\"center\" style=\"font-family:宋体;font-size:13px;background-color:#FFFFFF;\">\r\n	<strong><span style=\"font-size:12pt;\">（工科专业，四年制本科，授予工学学士学位）</span></strong><strong><span style=\"font-size:12pt;\"></span></strong>\r\n</p>\r\n<p class=\"MsoNormal\" style=\"font-family:宋体;font-size:13px;background-color:#FFFFFF;\">\r\n	&nbsp;\r\n</p>\r\n<p class=\"MsoNormal\" style=\"font-family:宋体;font-size:13px;background-color:#FFFFFF;\">\r\n	&nbsp;\r\n</p>\r\n<p class=\"MsoNormal\" style=\"font-family:宋体;font-size:13px;background-color:#FFFFFF;\">\r\n	<strong><span><span style=\"font-family:宋体;font-size:12pt;\">培养目标：</span><span style=\"font-family:宋体;font-size:12pt;\"></span></span></strong>\r\n</p>\r\n<p class=\"MsoNormal\" style=\"font-family:宋体;font-size:13px;background-color:#FFFFFF;text-indent:24pt;\">\r\n	<span style=\"font-size:12pt;\">本专业培养</span><span style=\"font-size:12pt;\">在机械设计制造及其自动化领域内从事设计、制造、应用研究</span><span style=\"font-size:12pt;\">、运行管理和经营销售等方面工作的高级工程技术人才</span><span style=\"font-size:12pt;\">。</span><span style=\"font-size:12pt;\">毕业生能够在各类制造业和工矿企业从事机械产品的设计制造，机电设备的控制监护，也可以在科研院所、设计单位、大专院校从事相关行业的机械技术工作。</span><span style=\"font-size:12pt;\"></span>\r\n</p>\r\n<p class=\"MsoNormal\" style=\"font-family:宋体;font-size:13px;background-color:#FFFFFF;\">\r\n	<strong><span style=\"font-family:楷体_GB2312;font-size:14pt;\">培养规格：</span></strong><strong><span style=\"font-family:楷体_GB2312;font-size:14pt;\"></span></strong>\r\n</p>\r\n<p class=\"MsoNormal\" style=\"font-family:宋体;font-size:13px;background-color:#FFFFFF;text-indent:24.1pt;\">\r\n	<strong><span class=\"15\" style=\"font-size:12pt;\">（1）素质要求。</span></strong><span style=\"font-size:12pt;\">具有强烈的社会责任感和国家主人翁意识，具有良好的职业道德和环境保护意识；养成良好的体育锻炼和卫生习惯，具有健全的心理和健康的体魄，达到国家规定的大学生体质测试标准要求；具备较高的机械工程师职业素养、良好的沟通能力、写作能力和团队合作精神；了解相近专业知识，具备较宽的知识面和一定的社会实践能力。</span><span style=\"font-size:12pt;\"></span>\r\n</p>\r\n<p class=\"MsoNormal\" style=\"font-family:宋体;font-size:13px;background-color:#FFFFFF;text-indent:24.1pt;\">\r\n	<strong><span class=\"15\" style=\"font-size:12pt;\">（2）知识要求。</span></strong><span style=\"font-size:12pt;\">具有较扎实的高等数学、物理及机械专业学科的基本理论知识，较好的人文社会科学基础和熟练的英语综合能力；掌握扎实的专业基础理论知识，主要包括工程力学、电工电子技术、机械设计原理、机械工程材料、机械制造基础、自动化技术基础等知识与应用；掌握制图和计算机建模、数值计算、测试、实验、文献检索和基本工艺编制、数控机床操作、机械设备的管理与维护技术等基本技能；了解本专业学科前沿、应用前景和最新发展动态与发展趋势。</span><span style=\"font-size:12pt;\"></span>\r\n</p>\r\n<p class=\"MsoNormal\" style=\"font-family:宋体;font-size:13px;background-color:#FFFFFF;text-indent:24.1pt;\">\r\n	<strong><span class=\"15\" style=\"font-size:12pt;\">（3）能力要求。</span></strong><span style=\"font-size:12pt;\">掌握机械制图、计算、信息检索和计算机辅助设计加工零件图及产品装配图等基本技能；掌握机械制造基础知识和工艺操作编制技能；掌握典型机电产品设计、安装、调试、使用、维护、检修技能；掌握典型机电一体化产品的主要控制方法；如继电器接触器控制、PLC控制、单片机控制等；具有较强的创新意识、工程实践能力、自学能力，以及研究、开发、管理能力；具备中外文文献检索以及运用计算机及网络技术获取相关信息的基本技能；具备较强的工作适应能力和可持续发展能力。</span><span style=\"font-size:12pt;\"></span>\r\n</p>\r\n<p class=\"MsoNormal\" style=\"font-family:宋体;font-size:13px;background-color:#FFFFFF;\">\r\n	<strong><span style=\"font-family:楷体_GB2312;font-size:14pt;\">主要课程：</span></strong><strong><span style=\"font-family:楷体_GB2312;font-size:14pt;\"></span></strong>\r\n</p>\r\n<p class=\"MsoNormal\" style=\"font-family:宋体;font-size:13px;background-color:#FFFFFF;text-indent:24pt;\">\r\n	<span style=\"font-size:12pt;\">高等数学、大学物理、工程数学、工程力学、工程材料、金属工艺学、电工与电子技术、单片机技术、机械制图、机械原理、机械设计、互换性与技术测量、可编程控制技术、液压与气压传动技术、数控编程与应用技术、机电传动控制、CAD/CAM、机械制造技术基础。</span>\r\n</p>');
INSERT INTO `jd_con_article` (`content_id`, `class_id`, `url`, `body`) VALUES
(11, 6, NULL, '<p class=\"MsoNormal\" align=\"left\" style=\"font-family:宋体;font-size:13px;background-color:#FFFFFF;text-indent:21pt;\">\r\n	<span>&nbsp;</span>\r\n</p>\r\n<p class=\"MsoNormal\" align=\"left\" style=\"font-family:宋体;font-size:13px;background-color:#FFFFFF;text-indent:28pt;\">\r\n	<span style=\"font-size:14pt;\">学生在大学期间面临学业、就业、生活、情感等诸多实际问题，为了更好地落实“以学生为主体”的教育理念，为学生排解压力和困惑，为同学们的健康成长、顺利成才提供高效方便的服务，机械与电气学院党政联席会议决定设立大学生学业服务中心。</span><span style=\"font-size:14pt;\"></span>\r\n</p>\r\n<p class=\"MsoNormal\" align=\"left\" style=\"font-family:宋体;font-size:13px;background-color:#FFFFFF;\">\r\n	<strong><span style=\"font-size:14pt;\">一、</span></strong><strong><span style=\"font-size:14pt;\">学业服务中心地点</span></strong><span style=\"font-size:14pt;\"></span>\r\n</p>\r\n<p class=\"MsoNormal\" align=\"left\" style=\"font-family:宋体;font-size:13px;background-color:#FFFFFF;text-indent:28pt;\">\r\n	<span style=\"font-size:14pt;\">3</span><span style=\"font-size:14pt;\">号实验楼</span><span style=\"font-size:14pt;\">A106</span><span style=\"font-size:14pt;\">、</span><span style=\"font-size:14pt;\">A107</span>\r\n</p>\r\n<p class=\"MsoNormal\" align=\"left\" style=\"font-family:宋体;font-size:13px;background-color:#FFFFFF;\">\r\n	<strong><span style=\"font-size:14pt;\">二、服务人员</span></strong><span style=\"font-size:14pt;\"></span>\r\n</p>\r\n<p class=\"MsoNormal\" align=\"left\" style=\"font-family:宋体;font-size:13px;background-color:#FFFFFF;text-indent:28pt;\">\r\n	<span style=\"font-size:14pt;\">专家（教师）和值班学生助理</span><span style=\"font-size:14pt;\"></span>\r\n</p>\r\n<p class=\"MsoNormal\" align=\"left\" style=\"margin-left:83.05pt;font-family:宋体;font-size:13px;background-color:#FFFFFF;text-indent:-83.05pt;\">\r\n	<strong><span style=\"font-size:14pt;\">三、服务时间</span></strong><span style=\"font-size:14pt;\"></span>\r\n</p>\r\n<p class=\"MsoNormal\" align=\"left\" style=\"margin-left:82.8pt;font-family:宋体;font-size:13px;background-color:#FFFFFF;text-indent:-54.75pt;\">\r\n	<span style=\"font-size:14pt;\">专家（教师）值班时间：周一至周五</span><span style=\"font-size:14pt;\">14</span><span style=\"font-size:14pt;\">：</span><span style=\"font-size:14pt;\">00</span><span style=\"font-size:14pt;\">—</span><span style=\"font-size:14pt;\">17</span><span style=\"font-size:14pt;\">：</span><span style=\"font-size:14pt;\">00</span><span style=\"font-size:14pt;\">；</span><span style=\"font-size:14pt;\"></span>\r\n</p>\r\n<p class=\"MsoNormal\" align=\"left\" style=\"font-family:宋体;font-size:13px;background-color:#FFFFFF;text-indent:28pt;\">\r\n	<span style=\"font-size:14pt;\">值班学生时间：周一至周五</span><span style=\"font-size:14pt;\">8:00</span><span style=\"font-size:14pt;\">—</span><span style=\"font-size:14pt;\">17:00</span>\r\n</p>\r\n<p class=\"MsoNormal\" align=\"left\" style=\"font-family:宋体;font-size:13px;background-color:#FFFFFF;\">\r\n	<strong><span style=\"font-size:14pt;\">四、沟通（辅导）方式</span></strong><strong><span style=\"font-size:14pt;\"></span></strong>\r\n</p>\r\n<p class=\"MsoNormal\" align=\"left\" style=\"font-family:宋体;font-size:13px;background-color:#FFFFFF;text-indent:28pt;\">\r\n	<span style=\"font-size:14pt;\">1</span><span style=\"font-size:14pt;\">、办公室现场咨询</span><span style=\"font-size:14pt;\"></span>\r\n</p>\r\n<p class=\"MsoNormal\" align=\"left\" style=\"font-family:宋体;font-size:13px;background-color:#FFFFFF;\">\r\n	<span style=\"font-size:14pt;\">&nbsp;&nbsp;&nbsp; 2</span><span style=\"font-size:14pt;\">、电话联系</span><span style=\"font-size:14pt;\"></span>\r\n</p>\r\n<p class=\"MsoNormal\" align=\"left\" style=\"font-family:宋体;font-size:13px;background-color:#FFFFFF;\">\r\n	<span style=\"font-size:14pt;\">&nbsp;&nbsp;&nbsp; 3</span><span style=\"font-size:14pt;\">、</span><span style=\"font-size:14pt;\">QQ</span><span style=\"font-size:14pt;\">聊天等</span><span style=\"font-size:14pt;\"></span>\r\n</p>\r\n<p class=\"MsoNormal\" align=\"left\" style=\"font-family:宋体;font-size:13px;background-color:#FFFFFF;\">\r\n	<span style=\"font-size:14pt;\">&nbsp;&nbsp;&nbsp; 4</span><span style=\"font-size:14pt;\">、电子邮件</span><span style=\"font-size:14pt;\"></span>\r\n</p>\r\n<p class=\"MsoNormal\" align=\"left\" style=\"font-family:宋体;font-size:13px;background-color:#FFFFFF;\">\r\n	<span style=\"font-size:14pt;\">&nbsp;&nbsp;&nbsp; 5</span><span style=\"font-size:14pt;\">、记录本留言、预约（学生助理职责）</span><span style=\"font-size:14pt;\"></span>\r\n</p>\r\n<p class=\"MsoNormal\" align=\"left\" style=\"font-family:宋体;font-size:13px;background-color:#FFFFFF;\">\r\n	<span style=\"font-size:14pt;\">&nbsp;&nbsp;&nbsp;&nbsp; 6</span><span style=\"font-size:14pt;\">、师生相互预约</span><span style=\"font-size:14pt;\">(</span><span style=\"font-size:14pt;\">主要针对毕业论文（设计）等学习问题</span><span style=\"font-size:14pt;\">)</span>\r\n</p>\r\n<p class=\"MsoNormal\" align=\"left\" style=\"font-family:宋体;font-size:13px;background-color:#FFFFFF;\">\r\n	<strong><span style=\"font-size:14pt;\">四、实施办法</span></strong><strong><span style=\"font-size:14pt;\"></span></strong>\r\n</p>\r\n<p class=\"MsoNormal\" align=\"left\" style=\"font-family:宋体;font-size:13px;background-color:#FFFFFF;text-indent:28pt;\">\r\n	<span style=\"font-size:14pt;\">1</span><span style=\"font-size:14pt;\">、办公室内要有明确的专家（教师）值班表格及职责项目。</span><span style=\"font-size:14pt;\"></span>\r\n</p>\r\n<p class=\"MsoNormal\" align=\"left\" style=\"margin-left:91.05pt;font-family:宋体;font-size:13px;background-color:#FFFFFF;text-indent:-63pt;\">\r\n	<span style=\"font-size:14pt;\">2</span><span style=\"font-size:14pt;\">、公布值班专家（教师）的办公电话、</span><span style=\"font-size:14pt;\">QQ</span><span style=\"font-size:14pt;\">与电子邮箱信息。</span><span style=\"font-size:14pt;\"></span>\r\n</p>\r\n<p class=\"MsoNormal\" align=\"left\" style=\"font-family:宋体;font-size:13px;background-color:#FFFFFF;text-indent:28pt;\">\r\n	<span style=\"font-size:14pt;\">3</span><span style=\"font-size:14pt;\">、学生助理记录到访信息，记录学生咨询问题，整理留言信息，帮助到访学生协调与老师会面时间。</span><span style=\"font-size:14pt;\"></span>\r\n</p>\r\n<p class=\"MsoNormal\" align=\"left\" style=\"font-family:宋体;font-size:13px;background-color:#FFFFFF;\">\r\n	<strong><span style=\"font-size:14pt;\">五、学业服务中心主要服务内容</span></strong><strong><span style=\"font-size:14pt;\"></span></strong>\r\n</p>\r\n<p class=\"MsoNormal\" align=\"left\" style=\"font-family:宋体;font-size:13px;background-color:#FFFFFF;text-indent:28pt;\">\r\n	<span style=\"font-size:14pt;\">1</span><span style=\"font-size:14pt;\">、为学生提供毕业论文（设计）辅导、专业培养方案咨询；</span><span style=\"font-size:14pt;\"></span>\r\n</p>\r\n<p class=\"MsoNormal\" align=\"left\" style=\"font-family:宋体;font-size:13px;background-color:#FFFFFF;text-indent:28pt;\">\r\n	<span style=\"font-size:14pt;\">2</span><span style=\"font-size:14pt;\">、向学生提供与选修课有关的各项学业咨询；辅修专业及双学位专业咨询；重修、免修、免听等问题咨询；</span><span style=\"font-size:14pt;\"></span>\r\n</p>\r\n<p class=\"MsoNormal\" align=\"left\" style=\"font-family:宋体;font-size:13px;background-color:#FFFFFF;text-indent:28pt;\">\r\n	<span style=\"font-size:14pt;\">3</span><span style=\"font-size:14pt;\">、各种校内外大赛、实践教学、创新立项、创新学分、工作室等咨询；</span><span style=\"font-size:14pt;\"></span>\r\n</p>\r\n<p class=\"MsoNormal\" align=\"left\" style=\"font-family:宋体;font-size:13px;background-color:#FFFFFF;text-indent:28pt;\">\r\n	<span style=\"font-size:14pt;\">4</span><span style=\"font-size:14pt;\">、校内外各种考试的要求、报名、成绩查询、证书发放、学籍管理、学士学位管理等政策咨询；</span><span style=\"font-size:14pt;\"></span>\r\n</p>\r\n<p class=\"MsoNormal\" align=\"left\" style=\"font-family:宋体;font-size:13px;background-color:#FFFFFF;text-indent:28pt;\">\r\n	<span style=\"font-size:14pt;\">5</span><span style=\"font-size:14pt;\">、学生奖助学金评选咨询、各种评优评奖咨询；</span><span style=\"font-size:14pt;\"></span>\r\n</p>\r\n<p class=\"MsoNormal\" align=\"left\" style=\"font-family:宋体;font-size:13px;background-color:#FFFFFF;text-indent:28pt;\">\r\n	<span style=\"font-size:14pt;\">6</span><span style=\"font-size:14pt;\">、学生办理学历证书咨询、毕业生档案转递咨询，学生申请休学、停学、复学、退学、转学、转专业的咨询；</span><span style=\"font-size:14pt;\"></span>\r\n</p>\r\n<p class=\"MsoNormal\" align=\"left\" style=\"font-family:宋体;font-size:13px;background-color:#FFFFFF;text-indent:28pt;\">\r\n	<span style=\"font-size:14pt;\">7</span><span style=\"font-size:14pt;\">、困难生资助政策咨询、评选困难生奖学金咨询、办理国家助学贷款相关政策咨询、申请勤工助学岗位咨询、申请缓缴学费咨询、如何办理学生保险咨询；</span><span style=\"font-size:14pt;\"></span>\r\n</p>\r\n<p class=\"MsoNormal\" align=\"left\" style=\"font-family:宋体;font-size:13px;background-color:#FFFFFF;text-indent:28pt;\">\r\n	<span style=\"font-size:14pt;\">9</span><span style=\"font-size:14pt;\">、补助的相关问题咨询，综合、专业奖学金相关事宜的咨询，学生违纪和处分的相关事宜咨询，撤销处分（解除留校察看）问题的咨询；</span><span style=\"font-size:14pt;\"></span>\r\n</p>\r\n<p class=\"MsoNormal\" align=\"left\" style=\"font-family:宋体;font-size:13px;background-color:#FFFFFF;text-indent:28pt;\">\r\n	<span style=\"font-size:14pt;\">10</span><span style=\"font-size:14pt;\">、大学生创业问题咨询；</span><span style=\"font-size:14pt;\"></span>\r\n</p>\r\n<p class=\"MsoNormal\" align=\"left\" style=\"font-family:宋体;font-size:13px;background-color:#FFFFFF;text-indent:28pt;\">\r\n	<span style=\"font-size:14pt;\">11</span><span style=\"font-size:14pt;\">、学生情感问题的处理咨询；</span><span style=\"font-size:14pt;\">&nbsp;</span>\r\n</p>\r\n<p class=\"MsoNormal\" align=\"left\" style=\"font-family:宋体;font-size:13px;background-color:#FFFFFF;text-indent:28pt;\">\r\n	<span style=\"font-size:14pt;\">12</span><span style=\"font-size:14pt;\">、其他与学生管理服务相关的政策咨询；</span><span style=\"font-size:14pt;\">&nbsp;</span>\r\n</p>\r\n<p class=\"MsoNormal\" align=\"left\" style=\"font-family:宋体;font-size:13px;background-color:#FFFFFF;text-indent:28pt;\">\r\n	<span style=\"font-size:14pt;\">13</span><span style=\"font-size:14pt;\">、学生合理化意见和建议的信息采集和反馈。</span>\r\n</p>'),
(12, 7, NULL, '<p class=\"MsoNormal\" style=\"font-family:宋体;font-size:13px;background-color:#FFFFFF;\">\r\n	<strong><span><span style=\"font-family:宋体;font-size:12pt;\">培养目标：</span><span style=\"font-family:宋体;font-size:12pt;\"></span></span></strong>\r\n</p>\r\n<p class=\"MsoNormal\" style=\"font-family:宋体;font-size:13px;background-color:#FFFFFF;text-indent:24pt;\">\r\n	<span style=\"font-size:12pt;\">本专业培养</span><span style=\"font-size:12pt;\">在机械设计制造及其自动化领域内从事设计、制造、应用研究</span><span style=\"font-size:12pt;\">、运行管理和经营销售等方面工作的高级工程技术人才</span><span style=\"font-size:12pt;\">。</span><span style=\"font-size:12pt;\">毕业生能够在各类制造业和工矿企业从事机械产品的设计制造，机电设备的控制监护，也可以在科研院所、设计单位、大专院校从事相关行业的机械技术工作。</span><span style=\"font-size:12pt;\"></span>\r\n</p>\r\n<p class=\"MsoNormal\" style=\"font-family:宋体;font-size:13px;background-color:#FFFFFF;\">\r\n	<strong><span style=\"font-family:楷体_GB2312;font-size:14pt;\">培养规格：</span></strong><strong><span style=\"font-family:楷体_GB2312;font-size:14pt;\"></span></strong>\r\n</p>\r\n<p class=\"MsoNormal\" style=\"font-family:宋体;font-size:13px;background-color:#FFFFFF;text-indent:24.1pt;\">\r\n	<strong><span class=\"15\" style=\"font-size:12pt;\">（1）素质要求。</span></strong><span style=\"font-size:12pt;\">具有强烈的社会责任感和国家主人翁意识，具有良好的职业道德和环境保护意识；养成良好的体育锻炼和卫生习惯，具有健全的心理和健康的体魄，达到国家规定的大学生体质测试标准要求；具备较高的机械工程师职业素养、良好的沟通能力、写作能力和团队合作精神；了解相近专业知识，具备较宽的知识面和一定的社会实践能力。</span><span style=\"font-size:12pt;\"></span>\r\n</p>\r\n<p class=\"MsoNormal\" style=\"font-family:宋体;font-size:13px;background-color:#FFFFFF;text-indent:24.1pt;\">\r\n	<strong><span class=\"15\" style=\"font-size:12pt;\">（2）知识要求。</span></strong><span style=\"font-size:12pt;\">具有较扎实的高等数学、物理及机械专业学科的基本理论知识，较好的人文社会科学基础和熟练的英语综合能力；掌握扎实的专业基础理论知识，主要包括工程力学、电工电子技术、机械设计原理、机械工程材料、机械制造基础、自动化技术基础等知识与应用；掌握制图和计算机建模、数值计算、测试、实验、文献检索和基本工艺编制、数控机床操作、机械设备的管理与维护技术等基本技能；了解本专业学科前沿、应用前景和最新发展动态与发展趋势。</span><span style=\"font-size:12pt;\"></span>\r\n</p>\r\n<p class=\"MsoNormal\" style=\"font-family:宋体;font-size:13px;background-color:#FFFFFF;text-indent:24.1pt;\">\r\n	<strong><span class=\"15\" style=\"font-size:12pt;\">（3）能力要求。</span></strong><span style=\"font-size:12pt;\">掌握机械制图、计算、信息检索和计算机辅助设计加工零件图及产品装配图等基本技能；掌握机械制造基础知识和工艺操作编制技能；掌握典型机电产品设计、安装、调试、使用、维护、检修技能；掌握典型机电一体化产品的主要控制方法；如继电器接触器控制、PLC控制、单片机控制等；具有较强的创新意识、工程实践能力、自学能力，以及研究、开发、管理能力；具备中外文文献检索以及运用计算机及网络技术获取相关信息的基本技能；具备较强的工作适应能力和可持续发展能力。</span><span style=\"font-size:12pt;\"></span>\r\n</p>\r\n<p class=\"MsoNormal\" style=\"font-family:宋体;font-size:13px;background-color:#FFFFFF;\">\r\n	<strong><span style=\"font-family:楷体_GB2312;font-size:14pt;\">主要课程：</span></strong><strong><span style=\"font-family:楷体_GB2312;font-size:14pt;\"></span></strong>\r\n</p>\r\n<p class=\"MsoNormal\" style=\"font-family:宋体;font-size:13px;background-color:#FFFFFF;text-indent:24pt;\">\r\n	<span style=\"font-size:12pt;\">高等数学、大学物理、工程数学、工程力学、工程材料、金属工艺学、电工与电子技术、单片机技术、机械制图、机械原理、机械设计、互换性与技术测量、可编程控制技术、液压与气压传动技术、数控编程与应用技术、机电传动控制、CAD/CAM、机械制造技术基础。</span>\r\n</p>'),
(13, 9, NULL, '<p class=\"MsoNormal\" align=\"center\" style=\"font-family:宋体;font-size:13px;background-color:#FFFFFF;text-align:center;\">\r\n	<span style=\"font-family:方正小标宋简体;font-size:22pt;\">关于举办淮南师范学院第二届“园林周”暨大学生风景园林技能竞赛活动通知<span></span></span>\r\n</p>\r\n<p class=\"MsoNormal\" style=\"font-family:宋体;font-size:13px;background-color:#FFFFFF;\">\r\n	<span style=\"font-family:方正仿宋_GBK;\">&nbsp;</span>\r\n</p>\r\n<p class=\"MsoNormal\" style=\"font-family:宋体;font-size:13px;background-color:#FFFFFF;text-indent:30pt;\">\r\n	<span style=\"font-family:仿宋_GB2312;font-size:15pt;\">为丰富我校学生的课余生活，拓展学生创新思维，提高实践操作能力，推动我校大学生园林及艺术类竞赛工作开展，研究决定举办淮南师范学院第二届“园林周”暨大学生风景园林技能竞赛。竞赛由校学科与技能竞赛办公室主办，生物工程学院承办，校舜耕兰芷园林协会协办。</span><span style=\"font-family:仿宋_GB2312;font-size:15pt;\"></span>\r\n</p>\r\n<p class=\"MsoNormal\" style=\"font-family:宋体;font-size:13px;background-color:#FFFFFF;text-indent:30.1pt;\">\r\n	<strong><span style=\"font-family:仿宋_GB2312;font-size:15pt;\">一、活动主题<span></span></span></strong>\r\n</p>\r\n<p class=\"MsoNormal\" style=\"font-family:宋体;font-size:13px;background-color:#FFFFFF;\">\r\n	<span style=\"font-family:仿宋_GB2312;font-size:15pt;\">&nbsp;&nbsp;&nbsp;</span><span style=\"font-family:仿宋_GB2312;font-size:15pt;\">“一面园林，一面艺术”<span></span></span>\r\n</p>\r\n<p class=\"MsoNormal\" style=\"font-family:宋体;font-size:13px;background-color:#FFFFFF;text-indent:30.1pt;\">\r\n	<strong><span style=\"font-family:仿宋_GB2312;font-size:15pt;\">二、活动时间及竞赛报名<span></span></span></strong>\r\n</p>\r\n<p class=\"MsoNormal\" style=\"font-family:宋体;font-size:13px;background-color:#FFFFFF;\">\r\n	<span style=\"font-family:仿宋_GB2312;font-size:15pt;\">&nbsp;&nbsp;&nbsp;&nbsp;1.</span><span style=\"font-family:仿宋_GB2312;font-size:15pt;\">活动及竞赛时间：本次活动为期<span>1</span>周，具体时间为<span>2017</span>年<span>5</span>月<span>22</span>日<span>-26</span>日，具体见活动安排。<span></span></span>\r\n</p>\r\n<p class=\"MsoNormal\" style=\"font-family:宋体;font-size:13px;background-color:#FFFFFF;text-indent:28pt;\">\r\n	<span style=\"font-family:仿宋_GB2312;font-size:15pt;\">2.</span><span style=\"font-family:仿宋_GB2312;font-size:15pt;\">参赛对象：我校在校全日制大学生均可参加。</span><span style=\"font-family:仿宋_GB2312;font-size:15pt;\"></span>\r\n</p>\r\n<p class=\"MsoNormal\" style=\"font-family:宋体;font-size:13px;background-color:#FFFFFF;text-indent:28pt;\">\r\n	<span style=\"font-family:仿宋_GB2312;font-size:15pt;\">3.</span><span style=\"font-family:仿宋_GB2312;font-size:15pt;\">报名要求：参赛对象以个人或团队形式报名参赛（具体见比赛规则）<span>,</span>填写电子档《举办淮南师范学院第二届“园林周”大学生风景园林技能竞赛活动报名登记表》，以班级为单位汇总后由班长报送电子档到<span>6</span>号实验楼<span>A508</span>，亦可个人或团队在现场报名处现场报名（若为团队，团队成员需要全部到场，报名时出示学生证和身份证）。</span><span style=\"font-family:仿宋_GB2312;font-size:15pt;\"></span>\r\n</p>\r\n<p class=\"MsoNormal\" style=\"font-family:宋体;font-size:13px;background-color:#FFFFFF;text-indent:30pt;\">\r\n	<span style=\"font-family:仿宋_GB2312;font-size:15pt;\">4.</span><span style=\"font-family:仿宋_GB2312;font-size:15pt;\">报名时间：<span>2017</span>年<span>5</span>月<span>15</span>日<span>-16</span>日。</span><span style=\"font-family:仿宋_GB2312;font-size:15pt;\"></span>\r\n</p>\r\n<p class=\"MsoNormal\" style=\"font-family:宋体;font-size:13px;background-color:#FFFFFF;text-indent:30pt;\">\r\n	<span style=\"font-family:仿宋_GB2312;font-size:15pt;\">5.</span><span style=\"font-family:仿宋_GB2312;font-size:15pt;\">报名地点：一食堂广场现场报名（<span>5</span>月<span>16</span>日<span>11</span>：<span>40-17:00</span>），<span>6</span>号实验楼<span>A508</span>（园林树木学实验室）。</span><span style=\"font-family:仿宋_GB2312;font-size:15pt;\"></span>\r\n</p>\r\n<p class=\"MsoNormal\" style=\"font-family:宋体;font-size:13px;background-color:#FFFFFF;text-indent:30pt;\">\r\n	<span style=\"font-family:仿宋_GB2312;font-size:15pt;\">6.</span><span style=\"font-family:仿宋_GB2312;font-size:15pt;\">报名联系人：王毫<span>17775206852</span>，董冬<span>15212662956</span>，<span></span></span>\r\n</p>\r\n<p class=\"MsoNormal\" style=\"font-family:宋体;font-size:13px;background-color:#FFFFFF;text-indent:30pt;\">\r\n	<span style=\"font-family:仿宋_GB2312;font-size:15pt;\">&nbsp;&nbsp;&nbsp;&nbsp;&nbsp;&nbsp;&nbsp;&nbsp;&nbsp;&nbsp;&nbsp;&nbsp;&nbsp;&nbsp;</span><span style=\"font-family:仿宋_GB2312;font-size:15pt;\">邵警清<span>15956691434</span></span>\r\n</p>\r\n<p class=\"MsoNormal\" style=\"font-family:宋体;font-size:13px;background-color:#FFFFFF;text-indent:30.1pt;\">\r\n	<strong><span style=\"font-family:仿宋_GB2312;font-size:15pt;\">三、竞赛组织人员</span></strong><span style=\"font-family:仿宋_GB2312;font-size:15pt;\"></span>\r\n</p>\r\n<p class=\"MsoNormal\" style=\"font-family:宋体;font-size:13px;background-color:#FFFFFF;text-indent:30pt;\">\r\n	<span style=\"font-family:仿宋_GB2312;font-size:15pt;\">组<span>&nbsp;&nbsp;</span>长：朱其永、王顺昌、李钊<span></span></span>\r\n</p>\r\n<p class=\"MsoNormal\" style=\"font-family:宋体;font-size:13px;background-color:#FFFFFF;text-indent:30pt;\">\r\n	<span style=\"font-family:仿宋_GB2312;font-size:15pt;\">副组长：余海军、武以海、张科贵<span></span></span>\r\n</p>\r\n<p class=\"MsoNormal\" style=\"font-family:宋体;font-size:13px;background-color:#FFFFFF;text-indent:30pt;\">\r\n	<span style=\"font-family:仿宋_GB2312;font-size:15pt;\">组<span>&nbsp;&nbsp;</span>员：蔡士凯、谢<span>&nbsp;&nbsp;</span>影、董<span>&nbsp;&nbsp;</span>冬、宁丽丽、张<span>&nbsp;&nbsp;</span>磊、<span></span></span>\r\n</p>\r\n<p class=\"MsoNormal\" style=\"font-family:宋体;font-size:13px;background-color:#FFFFFF;text-indent:30pt;\">\r\n	<span style=\"font-family:仿宋_GB2312;font-size:15pt;\">&nbsp;&nbsp;&nbsp;&nbsp;&nbsp;&nbsp;&nbsp;&nbsp;</span><span style=\"font-family:仿宋_GB2312;font-size:15pt;\">李亚亮、王四川、刘<span>&nbsp;&nbsp;</span>玲、李长爱、杨<span>&nbsp;&nbsp;</span>风、<span></span></span>\r\n</p>\r\n<p class=\"MsoNormal\" style=\"font-family:宋体;font-size:13px;background-color:#FFFFFF;text-indent:30pt;\">\r\n	<span style=\"font-family:仿宋_GB2312;font-size:15pt;\">&nbsp;&nbsp;&nbsp;&nbsp;&nbsp;&nbsp;&nbsp;&nbsp;</span><span style=\"font-family:仿宋_GB2312;font-size:15pt;\">薛<span>&nbsp;&nbsp;</span>彪（外聘）、张喜峰（外聘）。<span></span></span>\r\n</p>\r\n<p class=\"MsoNormal\" style=\"font-family:宋体;font-size:13px;background-color:#FFFFFF;text-indent:30.1pt;\">\r\n	<strong><span style=\"font-family:仿宋_GB2312;font-size:15pt;\">四、活动及竞赛宣传<span></span></span></strong>\r\n</p>\r\n<p class=\"MsoNormal\" style=\"font-family:宋体;font-size:13px;background-color:#FFFFFF;\">\r\n	<span style=\"font-family:仿宋_GB2312;font-size:15pt;\">&nbsp;&nbsp;&nbsp;&nbsp;1.</span><span style=\"font-family:仿宋_GB2312;font-size:15pt;\">宣传海报校园张贴（校园各主要宣传栏）；海报设计由宁丽丽老师负责，由舜耕兰芷园林协会负责实施。<span></span></span>\r\n</p>\r\n<p class=\"MsoNormal\" style=\"font-family:宋体;font-size:13px;background-color:#FFFFFF;text-indent:28pt;\">\r\n	<span style=\"font-family:仿宋_GB2312;font-size:15pt;\">2.</span><span style=\"font-family:仿宋_GB2312;font-size:15pt;\">网络宣传（淮南师范学院教务处主页公告栏；生物工程学院主页；其他网络媒体等）。具体由韩会平老师负责实施。</span>\r\n</p>'),
(14, 9, NULL, '<p class=\"MsoNormal\" align=\"center\" style=\"font-family:宋体;font-size:13px;background-color:#FFFFFF;text-align:center;\">\r\n	<span style=\"font-family:华文中宋;font-size:22pt;\">关于举办淮南师范学院第三届“互联网<span>+</span>”大学生创新创业大赛的通知<span></span></span>\r\n</p>\r\n<p class=\"MsoNormal\" style=\"font-family:宋体;font-size:13px;background-color:#FFFFFF;\">\r\n	<span style=\"font-family:方正仿宋_GBK;\">&nbsp;</span>\r\n</p>\r\n<p class=\"MsoNormal\" style=\"font-family:宋体;font-size:13px;background:white;\">\r\n	<span style=\"font-family:仿宋_GB2312;font-size:15pt;\">各二级学院、有关部门：<span></span></span>\r\n</p>\r\n<p class=\"MsoNormal\" style=\"font-family:宋体;font-size:13px;text-indent:30pt;background:white;\">\r\n	<span style=\"font-family:仿宋_GB2312;font-size:15pt;\">为贯彻落实《国务院办公厅关于深化高等学校创新创业教育改革的实施意见》（国办发〔<span>2015</span>〕<span>36</span>号），</span><span style=\"font-family:仿宋_GB2312;font-size:15pt;\">按照安徽省教育厅统一部署，经研究，</span><span style=\"font-family:仿宋_GB2312;font-size:15pt;\">决定举办淮南师范学院第三届“互联网<span>+</span>”大学生创新创业大赛暨第三届安徽省 “互联网<span>+</span>”大学生创新创业大赛校内选拔赛。现将有关事项通知如下：<span></span></span>\r\n</p>\r\n<p class=\"MsoNormal\" style=\"font-family:宋体;font-size:13px;text-indent:30.1pt;background:white;\">\r\n	<strong><span style=\"font-family:仿宋_GB2312;font-size:15pt;\">一、大赛主题<span></span></span></strong>\r\n</p>\r\n<p class=\"MsoNormal\" style=\"font-family:宋体;font-size:13px;text-indent:30pt;background:white;\">\r\n	<span style=\"font-family:仿宋_GB2312;font-size:15pt;\">搏击“互联网<span>+</span>”新时代壮大创新创业生力军<span></span></span>\r\n</p>\r\n<p class=\"MsoNormal\" style=\"font-family:宋体;font-size:13px;text-indent:30.1pt;background:white;\">\r\n	<strong><span style=\"font-family:仿宋_GB2312;font-size:15pt;\">二、大赛目的<span></span></span></strong>\r\n</p>\r\n<p class=\"MsoNormal\" style=\"font-family:宋体;font-size:13px;text-indent:30pt;background:white;\">\r\n	<span style=\"font-family:仿宋_GB2312;font-size:15pt;\">旨在深化高等教育综合改革，激发大学生的创造力，培养造就“大众创业、万众创新”的生力军；推动赛事成果转化和产学研用紧密结合，促进“互联网<span>+</span>”新业态形成，服务经济提质增效升级；以创新引领创业、创业带动就业，推动高校毕业生更高质量创业就业。重在把大赛作为深化创新创业教育改革的重要抓手，引导各地各高校主动服务创新驱动发展战略，积极开展教学改革探索，把创新创业教育融入人才培养，切实提高高校学生的创新精神、创业意识和创新创业能力。<span></span></span>\r\n</p>\r\n<p class=\"MsoNormal\" style=\"font-family:宋体;font-size:13px;text-indent:30.1pt;background:white;\">\r\n	<strong><span style=\"font-family:仿宋_GB2312;font-size:15pt;\">三、组织机构<span></span></span></strong>\r\n</p>\r\n<p class=\"MsoNormal\" style=\"font-family:宋体;font-size:13px;text-indent:30pt;background:white;\">\r\n	<span style=\"font-family:仿宋_GB2312;font-size:15pt;\">本次大赛由教务处（学科与技能竞赛办公室）、就业创业工作处（创业学院）、团委共同主办。<span></span></span>\r\n</p>\r\n<p class=\"MsoNormal\" style=\"font-family:宋体;font-size:13px;text-indent:30pt;background:white;\">\r\n	<span style=\"font-family:仿宋_GB2312;font-size:15pt;\">学校成立大赛组织工作领导小组，领导小组下设办公室和秘书组。<span></span></span>\r\n</p>\r\n<p class=\"MsoNormal\" style=\"font-family:宋体;font-size:13px;text-indent:30pt;background:white;\">\r\n	<span style=\"font-family:仿宋_GB2312;font-size:15pt;\">领导小组构成：<span></span></span>\r\n</p>\r\n<p class=\"MsoNormal\" style=\"font-family:宋体;font-size:13px;text-indent:30pt;background:white;\">\r\n	<span style=\"font-family:仿宋_GB2312;font-size:15pt;\">组<span>&nbsp;&nbsp;</span>长：陈年红、曹杰旺<span></span></span>\r\n</p>\r\n<p class=\"MsoNormal\" style=\"font-family:宋体;font-size:13px;text-indent:30pt;background:white;\">\r\n	<span style=\"font-family:仿宋_GB2312;font-size:15pt;\">副组长：周学锋、杨正清、王正明、翟骏<span></span></span>\r\n</p>\r\n<p class=\"MsoNormal\" style=\"font-family:宋体;font-size:13px;text-indent:30pt;background:white;\">\r\n	<span style=\"font-family:仿宋_GB2312;font-size:15pt;\">成<span>&nbsp;&nbsp;</span>员：各二级学院党政主要负责人、教务处、人事处、学生处、科技处、财务处、就业创业工作处、实验与设备管理处、保卫处、后勤保障处、团委、网络信息中心等部门负责人<span></span></span>\r\n</p>\r\n<p class=\"MsoNormal\" style=\"font-family:宋体;font-size:13px;text-indent:30pt;background:white;\">\r\n	<span style=\"font-family:仿宋_GB2312;font-size:15pt;\">办公室主任：朱其永<span></span></span>\r\n</p>\r\n<p class=\"MsoNormal\" style=\"font-family:宋体;font-size:13px;text-indent:30pt;background:white;\">\r\n	<span style=\"font-family:仿宋_GB2312;font-size:15pt;\">办公室副主任：余海军、胡向红<span></span></span>\r\n</p>\r\n<p class=\"MsoNormal\" style=\"font-family:宋体;font-size:13px;text-indent:30pt;background:white;\">\r\n	<span style=\"font-family:仿宋_GB2312;font-size:15pt;\">秘书组成员：蔡士凯、刘恩民、唐莹、施勇<span></span></span>\r\n</p>\r\n<p class=\"MsoNormal\" style=\"font-family:宋体;font-size:13px;text-indent:30pt;background:white;\">\r\n	<span style=\"font-family:仿宋_GB2312;font-size:15pt;\">各二级学院成立竞赛工作领导小组，相关专业教师、辅导员（班主任）作为成员，负责本学院的宣传动员、团队组建、项目遴选、指导人员安排等工作，各二级学院指定一名联络人。<span></span></span>\r\n</p>\r\n<p class=\"MsoNormal\" style=\"font-family:宋体;font-size:13px;text-indent:30.1pt;background:white;\">\r\n	<strong><span style=\"font-family:仿宋_GB2312;font-size:15pt;\">四、参赛项目要求<span></span></span></strong>\r\n</p>\r\n<p class=\"MsoNormal\" style=\"font-family:宋体;font-size:13px;text-indent:30pt;background:white;\">\r\n	<span style=\"font-family:仿宋_GB2312;font-size:15pt;\">（一）参赛项目类型<span></span></span>\r\n</p>\r\n<p class=\"MsoNormal\" style=\"font-family:宋体;font-size:13px;text-indent:30pt;background:white;\">\r\n	<span style=\"font-family:仿宋_GB2312;font-size:15pt;\">参赛项目要求能够将移动互联网、云计算、大数据、人工智能、物联网等新一代信息技术与经济社会各领域紧密结合，培育基于互联网新时代的新产品、新服务、新业态、新模式；发挥互联网在促进产业升级以及信息化和工业化深度融合中的作用，促进制造业、农业、能源、环保等产业转型升级；发挥互联网在社会服务中的作用，创新网络化服务模式，促进互联网与教育、医疗、交通、金融、消费生活等深度融合。参赛项目主要包括以下类型：<span></span></span>\r\n</p>\r\n<p class=\"MsoNormal\" style=\"font-family:宋体;font-size:13px;text-indent:30pt;background:white;\">\r\n	<span style=\"font-family:仿宋_GB2312;font-size:15pt;\">1.</span><span style=\"font-family:仿宋_GB2312;font-size:15pt;\">“互联网<span>+</span>”现代农业，包括农林牧渔等；<span></span></span>\r\n</p>\r\n<p class=\"MsoNormal\" style=\"font-family:宋体;font-size:13px;text-indent:30pt;background:white;\">\r\n	<span style=\"font-family:仿宋_GB2312;font-size:15pt;\">2.</span><span style=\"font-family:仿宋_GB2312;font-size:15pt;\">“互联网<span>+</span>”制造业，包括智能硬件、先进制造、工业自动化、生物医药、节能环保、新材料、军工等；<span></span></span>\r\n</p>\r\n<p class=\"MsoNormal\" style=\"font-family:宋体;font-size:13px;text-indent:30pt;background:white;\">\r\n	<span style=\"font-family:仿宋_GB2312;font-size:15pt;\">3.</span><span style=\"font-family:仿宋_GB2312;font-size:15pt;\">“互联网<span>+</span>”信息技术服务，包括工具软件、社交网络、媒体门户、企业服务等；<span></span></span>\r\n</p>\r\n<p class=\"MsoNormal\" style=\"font-family:宋体;font-size:13px;text-indent:30pt;background:white;\">\r\n	<span style=\"font-family:仿宋_GB2312;font-size:15pt;\">4.</span><span style=\"font-family:仿宋_GB2312;font-size:15pt;\">“互联网<span>+</span>”文化创意服务，包括广播影视、设计服务、文化艺术、旅游休闲、艺术品交易、广告会展、动漫娱乐、体育竞技等；<span></span></span>\r\n</p>\r\n<p class=\"MsoNormal\" style=\"font-family:宋体;font-size:13px;text-indent:30pt;background:white;\">\r\n	<span style=\"font-family:仿宋_GB2312;font-size:15pt;\">5.</span><span style=\"font-family:仿宋_GB2312;font-size:15pt;\">“互联网<span>+</span>”商务服务，包括电子商务、消费生活、金融、财经法务、房产家居、高效物流等；<span></span></span>\r\n</p>\r\n<p class=\"MsoNormal\" style=\"font-family:宋体;font-size:13px;text-indent:30pt;background:white;\">\r\n	<span style=\"font-family:仿宋_GB2312;font-size:15pt;\">6.</span><span style=\"font-family:仿宋_GB2312;font-size:15pt;\">“互联网<span>+</span>”公共服务，包括教育培训、医疗健康、交通、人力资源服务等；<span></span></span>\r\n</p>\r\n<p class=\"MsoNormal\" style=\"font-family:宋体;font-size:13px;text-indent:30pt;background:white;\">\r\n	<span style=\"font-family:仿宋_GB2312;font-size:15pt;\">7.</span><span style=\"font-family:仿宋_GB2312;font-size:15pt;\">“互联网<span>+</span>”公益创业，以社会价值为导向的非盈利性创业。<span></span></span>\r\n</p>\r\n<p class=\"MsoNormal\" style=\"font-family:宋体;font-size:13px;text-indent:30pt;background:white;\">\r\n	<span style=\"font-family:仿宋_GB2312;font-size:15pt;\">（二）参赛项目具体要求<span></span></span>\r\n</p>\r\n<p class=\"MsoNormal\" style=\"font-family:宋体;font-size:13px;text-indent:30pt;background:white;\">\r\n	<span style=\"font-family:仿宋_GB2312;font-size:15pt;\">参赛项目须真实、健康、合法，无任何不良信息，项目立意应弘扬正能量，践行社会主义核心价值观。参赛项目不得侵犯他人知识产权；所涉及的发明创造、专利技术、资源等必须拥有清晰合法的知识产权或物权；抄袭、盗用、提供虚假材料或违反相关法律法规一经发现即刻丧失参赛相关权利并自负一切法律责任。<span></span></span>\r\n</p>\r\n<p class=\"MsoNormal\" style=\"font-family:宋体;font-size:13px;text-indent:30pt;background:white;\">\r\n	<span style=\"font-family:仿宋_GB2312;font-size:15pt;\">参赛项目涉及他人知识产权的，报名时需提交完整的具有法律效力的所有人书面授权许可书、专利证书等；已完成工商登记注册的创业项目，报名时需提交单位概况、法定代表人情况、股权结构、组织机构代码复印件等相关证明材料。<strong>（由各二级学院负责团队资格的审核）</strong>。<span></span></span>\r\n</p>\r\n<p class=\"MsoNormal\" style=\"font-family:宋体;font-size:13px;text-indent:30.1pt;background:white;\">\r\n	<strong><span style=\"font-family:仿宋_GB2312;font-size:15pt;\">五、竞赛类型及参赛条件<span></span></span></strong>\r\n</p>\r\n<p class=\"MsoNormal\" style=\"font-family:宋体;font-size:13px;text-indent:30pt;background:white;\">\r\n	<span style=\"font-family:仿宋_GB2312;font-size:15pt;\">根据参赛项目所处的创业阶段、已获投资情况和项目特点，大赛分为创意组、初创组、成长组和就业型创业组。具体参赛条件如下：<span></span></span>\r\n</p>\r\n<p class=\"MsoNormal\" style=\"font-family:宋体;font-size:13px;text-indent:30pt;background:white;\">\r\n	<span style=\"font-family:仿宋_GB2312;font-size:15pt;\">1.</span><span style=\"font-family:仿宋_GB2312;font-size:15pt;\">创意组。参赛项目具有较好的创意和较为成型的产品原型或服务模式，在<span>2017</span>年<span>5</span>月<span>31</span>日前尚未完成工商登记注册。参赛申报人须为团队负责人，须为普通高等学校在校生。<span></span></span>\r\n</p>\r\n<p class=\"MsoNormal\" style=\"font-family:宋体;font-size:13px;text-indent:30pt;background:white;\">\r\n	<span style=\"font-family:仿宋_GB2312;font-size:15pt;\">2.</span><span style=\"font-family:仿宋_GB2312;font-size:15pt;\">初创组。参赛项目工商登记注册未满<span>3</span>年（<span>2014</span>年<span>3</span>月<span>1</span>日后注册），且获机构或个人股权投资不超过<span>1</span>轮次。参赛申报人须为初创企业法人代表，须为普通高等学校在校生，或毕业<span>5</span>年以内的毕业生（<span>2012</span>之后毕业的本专科生）。企业法人在大赛通知发布之日后进行变更的不予认可。<span></span></span>\r\n</p>\r\n<p class=\"MsoNormal\" style=\"font-family:宋体;font-size:13px;text-indent:30pt;background:white;\">\r\n	<span style=\"font-family:仿宋_GB2312;font-size:15pt;\">3.</span><span style=\"font-family:仿宋_GB2312;font-size:15pt;\">成长组。参赛项目工商登记注册<span>3</span>年以上（<span>2014</span>年<span>3</span>月<span>1</span>日前注册）；或工商登记注册未满<span>3</span>年（<span>2014</span>年<span>3</span>月<span>1</span>日后注册），且获机构或个人股权投资<span>2</span>轮次以上（含<span>2</span>轮次）。参赛申报人须为企业法人代表，须为普通高等学校在校生，或毕业<span>5</span>年以内的毕业生（<span>2012</span>年之后毕业的本专科生）。企业法人在大赛通知发布之日后进行变更的不予认可。<span></span></span>\r\n</p>\r\n<p class=\"MsoNormal\" style=\"font-family:宋体;font-size:13px;text-indent:30pt;background:white;\">\r\n	<span style=\"font-family:仿宋_GB2312;font-size:15pt;\">4.</span><span style=\"font-family:仿宋_GB2312;font-size:15pt;\">就业型创业组。参赛项目有效提升大学生就业数量与就业质量，主要面向高职高专院校的创新创业项目，其他高校也可申报本组。若参赛项目在<span>2017</span>年<span>5</span>月<span>31</span>日前尚未完成工商登记注册，参赛申报人须为团队负责人，须为普通高等学校在校生（可为本专科生）。若参赛项目在<span>2017</span>年<span>5</span>月<span>31</span>日前已完成工商登记注册，参赛申报人须为企业法人代表，须为普通高等学校在校生（可为本专科生），或毕业<span>5</span>年以内的毕业生（<span>2012</span>年之后毕业的本专科生）。企业法人在大赛通知发布之日后进行变更的不予认可。<span></span></span>\r\n</p>\r\n<p class=\"MsoNormal\" style=\"font-family:宋体;font-size:13px;text-indent:30pt;background:white;\">\r\n	<span style=\"font-family:仿宋_GB2312;font-size:15pt;\">初创组、成长组和就业型创业组中已完成工商登记注册参赛项目的股权结构中，参赛成员合计不得少于<span>1/3</span>。对于高校科技成果转化的项目，允许将拥有科研成果的老师的股权合并计算，合并计算的股权不得少于<span>50%</span>（其中参赛成员合计不得少于<span>15%</span>）。<span></span></span>\r\n</p>\r\n<p class=\"MsoNormal\" style=\"font-family:宋体;font-size:13px;text-indent:30pt;background:white;\">\r\n	<span style=\"font-family:仿宋_GB2312;font-size:15pt;\">以团队为单位报名参赛。允许跨校组建团队。每个团队的参赛成员不少于<span>3</span>人（不超过<span>5</span>人），须为项目的实际成员。参赛团队所报参赛创业项目，须为本团队策划或经营的项目，不可借用他人项目参赛。<strong>已获首届安徽省“互联网<span>+</span>”大学生创新创业大赛奖励的项目<span>,</span>可申请参赛<span>,</span>相关要求按照省教育厅执行。</strong></span>\r\n</p>'),
(15, 10, NULL, '<p class=\"MsoNormal\" style=\"font-family:宋体;font-size:13px;background:white;\">\r\n	<span style=\"font-family:仿宋_GB2312;font-size:15pt;\">各二级学院、相关部门：<span></span></span>\r\n</p>\r\n<p class=\"MsoNormal\" style=\"font-family:宋体;font-size:13px;text-indent:30pt;background:white;\">\r\n	<span style=\"font-family:仿宋_GB2312;font-size:15pt;\">为贯彻落实安徽省外文学会发布的《<span>2017</span>年安徽省高等院校“亿学杯”商务英语实践技能大赛竞赛规程》，做好参赛项目的推荐及竞赛准备工作，经研究决定举办淮南师范学院第一届大学生商务英语技能大赛。现将有关事项通知如下：<strong><span></span></strong></span>\r\n</p>\r\n<p class=\"MsoNormal\" style=\"font-family:宋体;font-size:13px;text-indent:30.1pt;background:white;\">\r\n	<strong><span style=\"font-family:仿宋_GB2312;font-size:15pt;\">一、大赛目的<span></span></span></strong>\r\n</p>\r\n<p class=\"MsoNormal\" style=\"font-family:宋体;font-size:13px;background-color:#FFFFFF;text-indent:30pt;\">\r\n	<span style=\"font-family:仿宋_GB2312;font-size:15pt;\">促进我校商务英语、国际贸易、电子商务等商务类专业建设、课程改革、实践基地建设、师资队伍建设以及教学改革，推动产教融合和校企合作，搭建校际师生交流和沟通的平台，进一步提升商务英语及相关专业大学生的职业能力与职业素养，全面提高人才培养质量水平。<span></span></span>\r\n</p>\r\n<p class=\"MsoNormal\" style=\"font-family:宋体;font-size:13px;text-indent:30.1pt;background:white;\">\r\n	<strong><span style=\"font-family:仿宋_GB2312;font-size:15pt;\">二、组织机构<span></span></span></strong>\r\n</p>\r\n<p class=\"MsoNormal\" style=\"font-family:宋体;font-size:13px;text-indent:30pt;background:white;\">\r\n	<span style=\"font-family:仿宋_GB2312;font-size:15pt;\">主办单位：学科与技能竞赛办公室<span></span></span>\r\n</p>\r\n<p class=\"MsoNormal\" style=\"font-family:宋体;font-size:13px;text-indent:30pt;background:white;\">\r\n	<span style=\"font-family:仿宋_GB2312;font-size:15pt;\">承办单位：外国语学院<span></span></span>\r\n</p>\r\n<p class=\"MsoNormal\" style=\"font-family:宋体;font-size:13px;text-indent:30pt;background:white;\">\r\n	<span style=\"font-family:仿宋_GB2312;font-size:15pt;\">本次大赛下设组委会，为保证比赛的公平、公正，大赛组委会将聘请商务英语学科的专家组成大赛评审委员会，负责大赛作品评审工作。<span></span></span>\r\n</p>\r\n<p class=\"MsoNormal\" style=\"font-family:宋体;font-size:13px;text-indent:30.1pt;background:white;\">\r\n	<strong><span style=\"font-family:仿宋_GB2312;font-size:15pt;\">三、参赛对象<span></span></span></strong>\r\n</p>\r\n<p class=\"MsoNormal\" style=\"font-family:宋体;font-size:13px;background-color:#FFFFFF;text-indent:30pt;\">\r\n	<span style=\"font-family:仿宋_GB2312;font-size:15pt;\">淮南师范学院全日制在校大学生。参赛同学自由组队参赛，每队由<span>3</span>名学生组成，每支参赛队伍配备指导教师<span>1</span>—<span>2</span>名。<span></span></span>\r\n</p>\r\n<p class=\"MsoNormal\" style=\"font-family:宋体;font-size:13px;text-indent:30pt;background:white;\">\r\n	<strong><span style=\"font-family:仿宋_GB2312;font-size:15pt;\">四、赛程安排和竞赛内容<span></span></span></strong>\r\n</p>\r\n<p class=\"MsoNormal\" style=\"font-family:宋体;font-size:13px;text-indent:30pt;background:white;\">\r\n	<strong><span style=\"font-family:仿宋_GB2312;font-size:15pt;\">1.</span></strong><strong><span style=\"font-family:仿宋_GB2312;font-size:15pt;\">大赛报名阶段（<span>2017</span>年<span>4</span>月<span>28</span>日<span>-5</span>月<span>5</span>日）<span></span></span></strong>\r\n</p>\r\n<p class=\"MsoNormal\" style=\"font-family:宋体;font-size:13px;text-indent:30pt;background:white;\">\r\n	<span style=\"font-family:仿宋_GB2312;font-size:15pt;\">大赛以各组队长填写大赛报名表（附件），发送至大赛组委会秘书外国语学院凌霄老师电子政务。<span></span></span>\r\n</p>\r\n<p class=\"MsoNormal\" style=\"font-family:宋体;font-size:13px;text-indent:30pt;background:white;\">\r\n	<strong><span style=\"font-family:仿宋_GB2312;font-size:15pt;\">2.</span></strong><strong><span style=\"font-family:仿宋_GB2312;font-size:15pt;\">正式比赛阶段（<span>2017</span>年<span>5</span>月<span>19</span>日<span>-5</span>月<span>20</span>日）<span></span></span></strong>\r\n</p>\r\n<p class=\"MsoNormal\" style=\"font-family:宋体;font-size:13px;background-color:#FFFFFF;text-indent:30pt;\">\r\n	<span style=\"font-family:仿宋_GB2312;font-size:15pt;\">本次竞赛以团队参赛成绩作为评选依据，参赛队伍总成绩<span>=</span>参赛选手软件平台测试平均分<span>*70% +&nbsp;</span>现场团队比赛得分<span>*30%</span>，总成绩满分<span>100</span>分。<span></span></span>\r\n</p>\r\n<p class=\"MsoNormal\" style=\"font-family:宋体;font-size:13px;background-color:#FFFFFF;text-indent:30.1pt;\">\r\n	<strong><span style=\"font-family:仿宋_GB2312;font-size:15pt;\">3.</span></strong><strong><span style=\"font-family:仿宋_GB2312;font-size:15pt;\">竞赛内容<span></span></span></strong>\r\n</p>\r\n<p class=\"MsoNormal\" style=\"font-family:宋体;font-size:13px;background-color:#FFFFFF;text-indent:30pt;\">\r\n	<span style=\"font-family:仿宋_GB2312;font-size:15pt;\">竞赛内容按照省赛规程分为软件平台测试和现场比赛两部分。<span></span></span>\r\n</p>\r\n<p class=\"MsoNormal\" style=\"font-family:宋体;font-size:13px;background-color:#FFFFFF;text-indent:30pt;\">\r\n	<span style=\"font-family:仿宋_GB2312;font-size:15pt;\">1</span><span style=\"font-family:仿宋_GB2312;font-size:15pt;\">）软件平台测试<span></span></span>\r\n</p>\r\n<p class=\"MsoNormal\" style=\"font-family:宋体;font-size:13px;background-color:#FFFFFF;text-indent:30pt;\">\r\n	<span style=\"font-family:仿宋_GB2312;font-size:15pt;\">软件平台测试时间为<span>5</span>月<span>19</span>日<span>14:00-16:00</span>，地点为二号实验楼<span>207</span>商务英语实训室。平台操作满分<span>100</span>分，系统自动评分。<span></span></span>\r\n</p>\r\n<p class=\"MsoNormal\" style=\"font-family:宋体;font-size:13px;background-color:#FFFFFF;text-indent:30pt;\">\r\n	<span style=\"font-family:仿宋_GB2312;font-size:15pt;\">软件平台测试的内容主要分三大模块：<span></span></span>\r\n</p>\r\n<p class=\"MsoNormal\" style=\"font-family:宋体;font-size:13px;background-color:#FFFFFF;text-indent:21pt;\">\r\n	<span style=\"font-family:仿宋_GB2312;font-size:15pt;\">（<span>1</span>）理论基础：主要考核国际贸易概论、国际贸易术语、国际货物买卖合同条款、国际货物运输和保险、国际结算、国际贸易方式、跨境电子商务等，题型有单选，多选，判断和术语翻译，主要语言为中文，分值占比<span>20%</span>；<span></span></span>\r\n</p>\r\n<p class=\"MsoNormal\" style=\"font-family:宋体;font-size:13px;background-color:#FFFFFF;text-indent:21pt;\">\r\n	<span style=\"font-family:仿宋_GB2312;font-size:15pt;\">（<span>2</span>）实务操作：主要考核函电、单证、跨境电商实务，题型为填空、选择、审单和制单等，主要语言以实际业务需求为主，即中英混合，分值占比<span>40%</span>；<span></span></span>\r\n</p>\r\n<p class=\"MsoNormal\" style=\"font-family:宋体;font-size:13px;background-color:#FFFFFF;text-indent:21pt;\">\r\n	<span style=\"font-family:仿宋_GB2312;font-size:15pt;\">（<span>3</span>）商务综合：主要考查学生听力和阅读理解能力，内容涉及国际市场营销、国际贸易、国际谈判、跨境电子商务、人力资源、跨文化知识等，主要语言为英文，分值占比<span>40%</span>。<span></span></span>\r\n</p>\r\n<p class=\"MsoNormal\" style=\"font-family:宋体;font-size:13px;background-color:#FFFFFF;text-indent:30pt;\">\r\n	<span style=\"font-family:仿宋_GB2312;font-size:15pt;\">2</span><span style=\"font-family:仿宋_GB2312;font-size:15pt;\">）现场比赛<span></span></span>\r\n</p>\r\n<p class=\"MsoNormal\" style=\"font-family:宋体;font-size:13px;background-color:#FFFFFF;text-indent:30pt;\">\r\n	<span style=\"font-family:仿宋_GB2312;font-size:15pt;\">现场比赛按照省赛规程分备赛和比赛两个环节。参赛队伍于<span>5</span>月<span>19</span>日<span>16:00</span>获知比赛题目并进行赛前准备，在当日<span>22:00</span>前以电子文档形式提交<span>PPT</span>终稿，提交后不得再修改，逾期未提交者视为放弃该环节比赛。<span></span></span>\r\n</p>\r\n<p class=\"MsoNormal\" style=\"font-family:宋体;font-size:13px;background-color:#FFFFFF;text-indent:30pt;\">\r\n	<span style=\"font-family:仿宋_GB2312;font-size:15pt;\">5</span><span style=\"font-family:仿宋_GB2312;font-size:15pt;\">月<span>20</span>日现场比赛当日<span>9:00</span>，参赛队伍按照前日抽签顺序依次入场参加比赛。参赛队伍中的<span>3</span>名选手需共同完成<span>10</span>分钟的全英文<span>PPT</span>演讲，并接受专家评委的现场提问，问答环节约<span>5</span>分钟，全程采用英语交流。<span></span></span>\r\n</p>\r\n<p class=\"MsoNormal\" style=\"font-family:宋体;font-size:13px;background-color:#FFFFFF;text-indent:30pt;\">\r\n	<span style=\"font-family:仿宋_GB2312;font-size:15pt;\">现场比赛主题包含两大类：<span></span></span>\r\n</p>\r\n<p class=\"ListParagraph\" style=\"font-family:宋体;font-size:13px;background-color:#FFFFFF;\">\r\n	<span style=\"font-family:仿宋_GB2312;font-size:15pt;\">（<span>1</span>）企业日常经营和管理活动，如企业宣传和产品介绍、营销策略分析、人才招聘和培训方案、商务谈判方案制定等。<span></span></span>\r\n</p>\r\n<p class=\"ListParagraph\" style=\"font-family:宋体;font-size:13px;background-color:#FFFFFF;\">\r\n	<span style=\"font-family:仿宋_GB2312;font-size:15pt;\">（<span>2</span>）对热点经济和文化现象的评论，如电子支付能否代替现金和刷卡业务、跨境电子商务利与弊、慕课学习能否代替传统教学等。</span>\r\n</p>'),
(16, 11, '', '<p class=\"MsoNormal\" style=\"font-family:宋体;font-size:13px;background-color:#FFFFFF;\">\r\n	<span style=\"font-family:仿宋_GB2312;font-size:15pt;\">各二级学院：<span></span></span> \r\n</p>\r\n<p class=\"MsoNormal\" style=\"font-family:宋体;font-size:13px;background-color:#FFFFFF;text-indent:30pt;\">\r\n	<span style=\"font-family:仿宋_GB2312;font-size:15pt;\">根据《安徽省教育厅关于组织申报<span>2017</span>年国家级大学生创新创业训练计划项目的通知》（皖教秘高〔<span>2017</span>〕<span>49</span>号）文件精神，现将我校<span>2017</span>年度国家级大学生创新创业训练计划项目申报工作安排如下：<span></span></span> \r\n</p>\r\n<p class=\"MsoNormal\" style=\"font-family:宋体;font-size:13px;background-color:#FFFFFF;text-indent:30.1pt;\">\r\n	<strong><span style=\"font-family:仿宋_GB2312;font-size:15pt;\">一、项目类别</span></strong><span style=\"font-family:仿宋_GB2312;font-size:15pt;\"></span> \r\n</p>\r\n<p class=\"MsoNormal\" style=\"font-family:宋体;font-size:13px;background-color:#FFFFFF;text-indent:30pt;\">\r\n	<span style=\"font-family:仿宋_GB2312;font-size:15pt;\">申报项目包括创新训练项目、创业训练项目和创业实践项目三类。<span></span></span> \r\n</p>\r\n<p class=\"MsoNormal\" style=\"font-family:宋体;font-size:13px;background-color:#FFFFFF;text-indent:30pt;\">\r\n	<span style=\"font-family:仿宋_GB2312;font-size:15pt;\">创新训练项目是学生个人或团队，在导师指导下，自主完成创新性研究项目设计、研究条件准备和项目实施、研究报告撰写、成果（学术）交流等工作。<span></span></span> \r\n</p>\r\n<p class=\"MsoNormal\" style=\"font-family:宋体;font-size:13px;background-color:#FFFFFF;text-indent:30pt;\">\r\n	<span style=\"font-family:仿宋_GB2312;font-size:15pt;\">创业训练项目是学生团队，在导师指导下，团队中每个学生在项目实施过程中扮演一个或多个具体的角色，通过编制商业计划书、开展可行性研究、模拟企业运行、参加企业实践、撰写创业报告等工作。<span></span></span> \r\n</p>\r\n<p class=\"MsoNormal\" style=\"font-family:宋体;font-size:13px;background-color:#FFFFFF;text-indent:30pt;\">\r\n	<span style=\"font-family:仿宋_GB2312;font-size:15pt;\">创业实践项目是学生团队，在学校导师和企业导师共同指导下，采用前期创新训练项目（或创新性实验）的成果，提出一项具有市场前景的创新性产品或者服务，以此为基础开展创业实践活动。<span></span></span> \r\n</p>\r\n<p class=\"MsoNormal\" style=\"font-family:宋体;font-size:13px;background-color:#FFFFFF;text-indent:30.1pt;\">\r\n	<strong><span style=\"font-family:仿宋_GB2312;font-size:15pt;\">二、项目申报要求</span></strong><span style=\"font-family:仿宋_GB2312;font-size:15pt;\"></span> \r\n</p>\r\n<p class=\"MsoNormal\" style=\"font-family:宋体;font-size:13px;background-color:#FFFFFF;text-indent:30pt;\">\r\n	<span style=\"font-family:仿宋_GB2312;font-size:15pt;\">1.</span><span style=\"font-family:仿宋_GB2312;font-size:15pt;\">创新训练项目面向全校学生，可以是个人或团队；创业训练项目主要面向二、三年级学生，仅限团队；创业实践项目主要面向三、四年级学生，仅限团队。项目团队原则上不超过<span>5</span>人（含项目负责人）。<span></span></span> \r\n</p>\r\n<p class=\"MsoNormal\" style=\"font-family:宋体;font-size:13px;background-color:#FFFFFF;text-indent:30pt;\">\r\n	<span style=\"font-family:仿宋_GB2312;font-size:15pt;\">2.</span><span style=\"font-family:仿宋_GB2312;font-size:15pt;\">各类项目负责人仅限<span>1</span>人，负责人不得同时申报<span>2</span>个及以上的项目，但可参加其它项目（不超过<span>2</span>项）。<span></span></span> \r\n</p>\r\n<p class=\"MsoNormal\" style=\"font-family:宋体;font-size:13px;background-color:#FFFFFF;text-indent:30pt;\">\r\n	<span style=\"font-family:仿宋_GB2312;font-size:15pt;\">3.</span><span style=\"font-family:仿宋_GB2312;font-size:15pt;\">项目必须有指导教师，由学生自行选定或项目申报所在学院配备。创新训练项目和创业训练项目指导教师至少<span>1</span>名；创业实践项目指导教师应不少于<span>2</span>名，实施学校导师和企业导师双导师制。每位教师指导项目数不超过<span>2</span>项。<span></span></span> \r\n</p>\r\n<p class=\"MsoNormal\" style=\"font-family:宋体;font-size:13px;background-color:#FFFFFF;text-indent:30pt;\">\r\n	<span style=\"font-family:仿宋_GB2312;font-size:15pt;\">4.</span><span style=\"font-family:仿宋_GB2312;font-size:15pt;\">创新训练项目建设周期为<span>1</span>年，创业训练项目和创业实践项目建设周期一般不超过<span>2</span>年。创业实践项目负责人毕业后可根据情况更换负责人，或是在能继续履行项目负责人职责的情况下，以大学生自主创业者的身份继续担任项目负责人。<span></span></span> \r\n</p>\r\n<p class=\"MsoNormal\" style=\"font-family:宋体;font-size:13px;background-color:#FFFFFF;text-indent:30pt;\">\r\n	<span style=\"font-family:仿宋_GB2312;font-size:15pt;\">5.</span><span style=\"font-family:仿宋_GB2312;font-size:15pt;\">各二级学院组织专家对学生申报项目进行初审，并将初审通过的项目申报材料（见附件）纸质版（<span>1</span>份）于<span>4</span>月<span>28</span>日下午<span>5</span>点前报送教务处<span>109</span>室，电子版发送到教务处郭磊电子政务。各二级学院申报项目总数不得少于<span>3</span>项。<span></span></span> \r\n</p>\r\n<p class=\"MsoNormal\" style=\"font-family:宋体;font-size:13px;background-color:#FFFFFF;text-indent:30.1pt;\">\r\n	<strong><span style=\"font-family:仿宋_GB2312;font-size:15pt;\">三、其它相关说明<span></span></span></strong> \r\n</p>\r\n<p class=\"MsoNormal\" style=\"font-family:宋体;font-size:13px;background-color:#FFFFFF;text-indent:30pt;\">\r\n	<span style=\"font-family:仿宋_GB2312;font-size:15pt;\">1.</span><span style=\"font-family:仿宋_GB2312;font-size:15pt;\">项目具体经费根据项目申报情况待学校研究后再行确定。<span></span></span> \r\n</p>\r\n<p class=\"MsoNormal\" style=\"font-family:宋体;font-size:13px;background-color:#FFFFFF;text-indent:30pt;\">\r\n	<span style=\"font-family:仿宋_GB2312;font-size:15pt;\">2.</span><span style=\"font-family:仿宋_GB2312;font-size:15pt;\">学校组织专家对二级学院推荐申报的项目进行会议评审，同等条件下优先推荐团队合作项目和跨年级、跨专业、跨学科合作项目。<span></span></span> \r\n</p>\r\n<p class=\"MsoNormal\" style=\"font-family:宋体;font-size:13px;background-color:#FFFFFF;text-indent:30pt;\">\r\n	<span style=\"font-family:仿宋_GB2312;font-size:15pt;\">3.</span><span style=\"font-family:仿宋_GB2312;font-size:15pt;\">各二级学院应加强项目立项评审、中期检查、结项验收等过程材料的存档管理工作。</span> \r\n</p>');
INSERT INTO `jd_con_article` (`content_id`, `class_id`, `url`, `body`) VALUES
(17, 11, NULL, '<p class=\"MsoNormal\" style=\"font-family:宋体;font-size:13px;background-color:#FFFFFF;\">\r\n	<span style=\"font-family:仿宋_GB2312;font-size:15pt;\">各二级学院：<span></span></span>\r\n</p>\r\n<p class=\"MsoNormal\" style=\"font-family:宋体;font-size:13px;background-color:#FFFFFF;text-indent:30pt;\">\r\n	<span style=\"font-family:仿宋_GB2312;font-size:15pt;\">为引导和激励广大同学增强创新意识，投身创新实践，全面提高我校学生科技创新能力，学校决定举办淮南师范学院第五届大学生科技创意大赛。本次大赛同时作为淮南师范学院第八届“挑战杯”科技发明制作类作品校内竞赛，由科技处主办，校团委、学生处协办。现将具体内容通知如下：<span></span></span>\r\n</p>\r\n<p class=\"MsoNormal\" align=\"left\" style=\"font-family:宋体;font-size:13px;background-color:#FFFFFF;text-indent:30.1pt;\">\r\n	<strong><span style=\"font-family:仿宋_GB2312;font-size:15pt;\">一、</span></strong><strong><span style=\"font-family:仿宋_GB2312;font-size:15pt;\">参赛对象</span></strong><strong><span style=\"font-family:仿宋_GB2312;font-size:15pt;\"></span></strong>\r\n</p>\r\n<p class=\"MsoNormal\" style=\"font-family:宋体;font-size:13px;background-color:#FFFFFF;text-indent:30pt;\">\r\n	<span style=\"font-family:仿宋_GB2312;font-size:15pt;\">我校全日制在校学生，可</span><span style=\"font-family:仿宋_GB2312;font-size:15pt;\">独立</span><span style=\"font-family:仿宋_GB2312;font-size:15pt;\">或组队完成，每队人数一般不超过三个人。为保证本次大赛质量，对申请者个人实行限项申请，作为项目主持人申请不得超过<span>1</span>项，每位学生最多可以参与<span>2</span>个项目（或主持<span>1</span>项，参与<span>1</span>项），请各学院认真审核，如有超项不予受理。<span></span></span>\r\n</p>\r\n<p class=\"MsoNormal\" align=\"left\" style=\"font-family:宋体;font-size:13px;background-color:#FFFFFF;text-indent:30.1pt;\">\r\n	<strong><span style=\"font-family:仿宋_GB2312;font-size:15pt;\">二、作品设置<span></span></span></strong>\r\n</p>\r\n<p class=\"MsoNormal\" align=\"left\" style=\"font-family:宋体;font-size:13px;background-color:#FFFFFF;text-indent:30pt;\">\r\n	<span style=\"font-family:仿宋_GB2312;font-size:15pt;\">面向生产、生活中的某个环节和方面的发明、设计、改造等</span><span style=\"font-family:仿宋_GB2312;font-size:15pt;\">。</span><span style=\"font-family:仿宋_GB2312;font-size:15pt;\"></span>\r\n</p>\r\n<p class=\"MsoNormal\" align=\"left\" style=\"font-family:宋体;font-size:13px;background-color:#FFFFFF;text-indent:30.1pt;\">\r\n	<strong><span style=\"font-family:仿宋_GB2312;font-size:15pt;\">三、</span></strong><strong><span style=\"font-family:仿宋_GB2312;font-size:15pt;\">作品要求<span></span></span></strong>\r\n</p>\r\n<p class=\"MsoNormal\" align=\"left\" style=\"font-family:宋体;font-size:13px;background-color:#FFFFFF;text-indent:30pt;\">\r\n	<span style=\"font-family:仿宋_GB2312;font-size:15pt;\">1</span><span style=\"font-family:仿宋_GB2312;font-size:15pt;\">、参赛作品必须符合本次大赛的主题和要求；内容完整，简明扼要，格式清晰，版面美观大方；创意新颖，见解独到，思想深刻；与现实联系紧密，能充分展现参赛大学生朝气蓬勃的创新精神风貌和形象。<span></span></span>\r\n</p>\r\n<p class=\"MsoNormal\" align=\"left\" style=\"font-family:宋体;font-size:13px;background-color:#FFFFFF;text-indent:30pt;\">\r\n	<span style=\"font-family:仿宋_GB2312;font-size:15pt;\">2</span><span style=\"font-family:仿宋_GB2312;font-size:15pt;\">、参赛作品应</span><span style=\"font-family:仿宋_GB2312;font-size:15pt;\">为科技含量较高、制作投入较大的作品，或者投入较少，且为生产技术或社会生活带来便利的小发明、小制作。</span><span style=\"font-family:仿宋_GB2312;font-size:15pt;\">设计具有独创性和一定的可操作性的创意方案。<span></span></span>\r\n</p>\r\n<p class=\"MsoNormal\" align=\"left\" style=\"font-family:宋体;font-size:13px;background-color:#FFFFFF;text-indent:30pt;\">\r\n	<span style=\"font-family:仿宋_GB2312;font-size:15pt;\">3</span><span style=\"font-family:仿宋_GB2312;font-size:15pt;\">、参赛作品必须具有原创性，参赛者必须保证其拥有该作品的合法知识产权。学校将对参赛作品进行查新。对于利用他人作品参赛的，取消资格并给予相应处罚。<span></span></span>\r\n</p>\r\n<p class=\"MsoNormal\" align=\"left\" style=\"font-family:宋体;font-size:13px;background-color:#FFFFFF;text-indent:30pt;\">\r\n	<span style=\"font-family:仿宋_GB2312;font-size:15pt;\">4</span><span style=\"font-family:仿宋_GB2312;font-size:15pt;\">、参赛作品应以必要的文字描述进行说明、配合相应的图片或<span>CAD</span>制图，具体详见作品申报书中要求。<span></span></span>\r\n</p>\r\n<p class=\"MsoNormal\" style=\"font-family:宋体;font-size:13px;background-color:#FFFFFF;text-indent:30pt;\">\r\n	<span style=\"font-family:仿宋_GB2312;font-size:15pt;\">5</span><span style=\"font-family:仿宋_GB2312;font-size:15pt;\">、所有获奖作品学校将视情况另行签订专利申请相关协议。<span></span></span>\r\n</p>\r\n<p class=\"MsoNormal\" style=\"font-family:宋体;font-size:13px;background-color:#FFFFFF;text-indent:30.1pt;\">\r\n	<strong><span style=\"font-family:仿宋_GB2312;font-size:15pt;\">四、</span></strong><strong><span style=\"font-family:仿宋_GB2312;font-size:15pt;\">比赛流程<span></span></span></strong>\r\n</p>\r\n<p class=\"MsoNormal\" style=\"font-family:宋体;font-size:13px;background-color:#FFFFFF;text-indent:30pt;\">\r\n	<span style=\"font-family:仿宋_GB2312;font-size:15pt;\">1</span><span style=\"font-family:仿宋_GB2312;font-size:15pt;\">、以各学院为申报单位，参赛作品按要求统一由学院上报。各学院对申报的参赛作品及参赛者进行资格审查，向科技处报送参赛作品。每个学院选送参赛作品总数不少于在校生人数的<span>1%</span>。<span></span></span>\r\n</p>\r\n<p class=\"MsoNormal\" align=\"left\" style=\"font-family:宋体;font-size:13px;background-color:#FFFFFF;text-indent:30pt;\">\r\n	<span style=\"font-family:仿宋_GB2312;font-size:15pt;\">2</span><span style=\"font-family:仿宋_GB2312;font-size:15pt;\">、本次比赛优秀获奖作品将按照第八届“挑战杯”竞赛要求，经完善后直接进入“挑战杯”校级复赛。<span></span></span>\r\n</p>\r\n<p class=\"MsoNormal\" align=\"left\" style=\"font-family:宋体;font-size:13px;background-color:#FFFFFF;text-indent:30pt;\">\r\n	<span style=\"font-family:仿宋_GB2312;font-size:15pt;\">3</span><span style=\"font-family:仿宋_GB2312;font-size:15pt;\">、参赛作品必须填写本通知附表中的“</span><span style=\"font-family:仿宋_GB2312;font-size:15pt;\">作品申报书</span><span style=\"font-family:仿宋_GB2312;font-size:15pt;\">”，经遴选推荐参加“挑战杯”复赛的作品，经完善后，填写</span><span style=\"font-family:仿宋_GB2312;font-size:15pt;\">第八届“挑战杯”大学生课外学术科技作品竞赛作品申报书。</span><span style=\"font-family:仿宋_GB2312;font-size:15pt;\"></span>\r\n</p>\r\n<p class=\"MsoNormal\" align=\"left\" style=\"font-family:宋体;font-size:13px;background-color:#FFFFFF;text-indent:30pt;\">\r\n	<span style=\"font-family:仿宋_GB2312;font-size:15pt;\">4</span><span style=\"font-family:仿宋_GB2312;font-size:15pt;\">、以授权专利参加“挑战杯”比赛的</span><span style=\"font-family:仿宋_GB2312;font-size:15pt;\">科技发明制作类作品按照</span><span style=\"font-family:仿宋_GB2312;font-size:15pt;\">第八届“挑战杯”竞赛要求，由二级学院汇总后进行上报。</span><span style=\"font-family:仿宋_GB2312;font-size:15pt;\"></span>\r\n</p>\r\n<p class=\"MsoNormal\" align=\"left\" style=\"font-family:宋体;font-size:13px;background-color:#FFFFFF;text-indent:30pt;\">\r\n	<span style=\"font-family:仿宋_GB2312;font-size:15pt;\">5</span><span style=\"font-family:仿宋_GB2312;font-size:15pt;\">、本次比赛单独设奖，</span><span style=\"font-family:仿宋_GB2312;font-size:15pt;\">对优秀作品予以表彰奖励</span><span style=\"font-family:仿宋_GB2312;font-size:15pt;\">。</span><span style=\"font-family:仿宋_GB2312;font-size:15pt;\">对原创性和创新性强、科技含量高、产业化和市场化前景广阔的作品，推荐向专利管理部门申请专利。专利申请费及代理费由学校垫付，取得专利证书后按淮南市专利资助和奖励相关政策申请淮南市专利奖励。<span></span></span>\r\n</p>\r\n<p class=\"MsoNormal\" style=\"font-family:宋体;font-size:13px;background-color:#FFFFFF;text-indent:30.1pt;\">\r\n	<strong><span style=\"font-family:仿宋_GB2312;font-size:15pt;\">五、材料报送及评审<span></span></span></strong>\r\n</p>\r\n<p class=\"MsoNormal\" style=\"font-family:宋体;font-size:13px;background-color:#FFFFFF;text-indent:30pt;\">\r\n	<span style=\"font-family:仿宋_GB2312;font-size:15pt;\">报送材料包括：报名汇总表（由学院统一填写，一式一份，加盖公章，同时报送电子版）；科技创意设计作品申报书（个人或团队填写，纸质材料一式一份，同时报送电子版）。<span></span></span>\r\n</p>\r\n<p class=\"MsoNormal\" style=\"font-family:宋体;font-size:13px;background-color:#FFFFFF;text-indent:30.1pt;\">\r\n	<strong><span style=\"font-family:仿宋_GB2312;font-size:15pt;\">报送时间：</span></strong><span style=\"font-family:仿宋_GB2312;font-size:15pt;\">4</span><span style=\"font-family:仿宋_GB2312;font-size:15pt;\">月<span>5</span>日下午<span>5</span>点前</span><strong><span style=\"font-family:仿宋_GB2312;font-size:15pt;\"></span></strong>\r\n</p>\r\n<p class=\"MsoNormal\" style=\"font-family:宋体;font-size:13px;background-color:#FFFFFF;text-indent:30pt;\">\r\n	<span style=\"font-family:仿宋_GB2312;font-size:15pt;\">学校将邀请淮南市科技局、淮南市知识产权局、专利公司代表和专家成立相关评审工作组。评审结果将在校园网公示。</span><span style=\"font-family:仿宋_GB2312;font-size:15pt;\"></span>\r\n</p>\r\n<p class=\"MsoNormal\" align=\"left\" style=\"font-family:宋体;font-size:13px;background-color:#FFFFFF;text-indent:30pt;\">\r\n	<span style=\"font-family:仿宋_GB2312;font-size:15pt;\">&nbsp;</span>\r\n</p>\r\n<p class=\"MsoNormal\" align=\"left\" style=\"font-family:宋体;font-size:13px;background-color:#FFFFFF;text-indent:30pt;\">\r\n	<span style=\"font-family:仿宋_GB2312;font-size:15pt;\">未尽事宜，另行通知。<span></span></span>\r\n</p>\r\n<p class=\"MsoNormal\" align=\"left\" style=\"font-family:宋体;font-size:13px;background-color:#FFFFFF;text-indent:30pt;\">\r\n	<span style=\"font-family:仿宋_GB2312;font-size:15pt;\">&nbsp;</span>\r\n</p>\r\n<p class=\"MsoNormal\" align=\"left\" style=\"font-family:宋体;font-size:13px;background-color:#FFFFFF;text-indent:30pt;\">\r\n	<span style=\"font-family:仿宋_GB2312;font-size:15pt;\">联系人：赵星<span>&nbsp;&nbsp;&nbsp;&nbsp;&nbsp;&nbsp;&nbsp;&nbsp;</span>联系电话：<span>6863586</span></span>\r\n</p>'),
(18, 12, '', '<p class=\"MsoNormal\" align=\"justify\" style=\"text-align:center;font-family:宋体;font-size:13px;background-color:#FFFFFF;text-indent:24pt;\">\r\n	<span style=\"line-height:24px;font-size:12pt;\"><img src=\"/jd/Public/kindeditor/attached/image/20170517/20170517101447_66675.jpg\" alt=\"\" /><br />\r\n</span> \r\n</p>\r\n<p class=\"MsoNormal\" align=\"justify\" style=\"font-family:宋体;font-size:13px;background-color:#FFFFFF;text-align:justify;text-indent:24pt;\">\r\n	<span style=\"line-height:24px;font-size:12pt;\">为了提升党员的党性修养，帮助预备党员顺利度过预备期，按党委组织部的相关安排，</span><span style=\"line-height:24px;font-size:12pt;\">11</span><span style=\"line-height:24px;font-size:12pt;\">月</span><span style=\"line-height:24px;font-size:12pt;\">11</span><span style=\"line-height:24px;font-size:12pt;\">日、</span><span style=\"line-height:24px;font-size:12pt;\">12日</span><span style=\"line-height:24px;font-size:12pt;\">，</span><span style=\"line-height:24px;font-size:12pt;\">机械与电气工程学院党总支举办了中共预备党员培训班。党总支书记王战修、党政办副主任为</span><span style=\"line-height:24px;font-size:12pt;\">45名中共预备党员开办了讲座。</span><span style=\"line-height:24px;font-size:12pt;\"></span> \r\n</p>\r\n<p class=\"MsoNormal\" align=\"justify\" style=\"font-family:宋体;font-size:13px;background-color:#FFFFFF;text-align:justify;text-indent:24pt;\">\r\n	<span style=\"line-height:24px;font-size:12pt;\"><span>开班仪式在</span>11月11日下午召开。在开班仪式暨第一讲上，王战修从三个方面讲述了《新时期大学生党员的党性修养》。他说，《党章》是党性修养的根本标准；坚定理想信念，严明党的纪律是党性修养的根本要求；深入学习党中央的最新政策与文件精神是广大党员党性修养的保证与重要途径。王战修要求预备党员要深入理解党性修养的内涵，在学习与工作中实践党员先进性，切实以优秀共产党员的标准要求自己，努力成长为社会主义现代化事业的合格建设者与可靠接班人。</span><span style=\"line-height:24px;font-size:12pt;\"></span> \r\n</p>\r\n<p class=\"MsoNormal\" align=\"justify\" style=\"font-family:宋体;font-size:13px;background-color:#FFFFFF;text-align:justify;text-indent:24pt;\">\r\n	<span style=\"line-height:24px;font-size:12pt;\">培训班上，预备党员们还学习了预备党员如何过好预备期、党的十八届三中全会精神、纪录片《信仰》以及新时期党员深入基层、服务基层的先进事迹等内容。</span> \r\n</p>'),
(19, 12, NULL, '<p class=\"MsoNormal\" style=\"text-align:center;font-family:宋体;font-size:13px;background-color:#FFFFFF;text-indent:21pt;\">\r\n	<span style=\"font-size:12pt;\"><img src=\"/jd/Public/kindeditor/attached/image/20170517/20170517101759_81325.jpg\" alt=\"\" /><br />\r\n</span>\r\n</p>\r\n<p class=\"MsoNormal\" style=\"font-family:宋体;font-size:13px;background-color:#FFFFFF;text-align:justify;text-indent:21pt;\">\r\n	<span style=\"font-size:12pt;\">为了</span><span style=\"font-size:12pt;\">提高大学生党员工作站在</span><span style=\"font-size:12pt;\">心理健康</span><span style=\"font-size:12pt;\">工作中</span><span style=\"font-size:12pt;\">发挥重要作用，</span><span style=\"font-size:12pt;\">上周，</span><span style=\"font-size:12pt;\">机械与电气工程学院在党员工作站</span><span style=\"font-size:12pt;\">（</span><span style=\"font-size:12pt;\">学生公寓</span><span style=\"font-family:Calibri;font-size:12pt;\">10A121</span><span style=\"font-size:12pt;\">）</span><span style=\"font-size:12pt;\">召开机电</span><span style=\"font-size:12pt;\">“</span><span style=\"font-size:12pt;\">媛</span><span style=\"font-size:12pt;\">”沙龙之</span><span style=\"font-size:12pt;\">心</span><span style=\"font-size:12pt;\">理</span><span style=\"font-size:12pt;\">健康主题交流</span><span style=\"font-size:12pt;\">活动</span><span style=\"font-size:12pt;\">。</span><span style=\"font-size:12pt;\">校学生处副处长、</span><span style=\"font-size:12pt;\">心理健康咨询中心主任欧阳儒阳</span><span style=\"font-size:12pt;\">、学院</span><span style=\"font-size:12pt;\">党总支副书记唐亮</span><span style=\"font-size:12pt;\">、</span><span style=\"font-size:12pt;\">学</span><span style=\"font-size:12pt;\">工办副</span><span style=\"font-size:12pt;\">主任李媛</span><span style=\"font-size:12pt;\">以及</span><span style=\"font-size:12pt;\">16<span>名</span></span><span style=\"font-size:12pt;\">党员</span><span style=\"font-size:12pt;\">代表参加</span><span style=\"font-size:12pt;\">了沙龙</span><span style=\"font-size:12pt;\">。</span><span style=\"font-family:Calibri;font-size:12pt;\"></span>\r\n</p>\r\n<p class=\"MsoNormal\" style=\"font-family:宋体;font-size:13px;background-color:#FFFFFF;text-align:justify;text-indent:21pt;\">\r\n	<span style=\"font-size:12pt;\">欧阳</span><span style=\"font-size:12pt;\">儒阳首先</span><span style=\"font-size:12pt;\">从影响人发展的四大因素</span><span style=\"font-size:12pt;\">、</span><span style=\"font-size:12pt;\">影响大学生发展和积极感受的二十二大因素</span><span style=\"font-size:12pt;\">等专业问题告诉讲述了当前大</span><span style=\"font-size:12pt;\">学生心理健康</span><span style=\"font-size:12pt;\">问</span><span style=\"font-size:12pt;\">题</span><span style=\"font-size:12pt;\">的主要方面。然后，大家结合各自的工作、生活以及在其中遇到的情况进行探讨</span><span style=\"font-size:12pt;\">。随后，</span><span style=\"font-size:12pt;\">欧阳儒阳对</span><span style=\"font-size:12pt;\">问题</span><span style=\"font-size:12pt;\">进行总结，并提出</span><span style=\"font-size:12pt;\">了解决</span><span style=\"font-size:12pt;\">建议</span><span style=\"font-size:12pt;\">。</span><span style=\"font-size:12pt;\">他与唐亮都对</span><span style=\"font-size:12pt;\">党站如何发挥好带头模范作用提出</span><span style=\"font-size:12pt;\">了要求以及相应的</span><span style=\"font-size:12pt;\">建议，希望</span><span style=\"font-size:12pt;\">党员工作站</span><span style=\"font-size:12pt;\">更好的服务广大学生群众。</span>\r\n</p>'),
(20, 12, NULL, '<p class=\"MsoNormal\" style=\"font-family:宋体;font-size:13px;background-color:#FFFFFF;\">\r\n	<span style=\"font-family:仿宋_GB2312;font-size:16pt;\">各分党校、各党总支、直属党支部、校团委：</span><span style=\"font-family:方正仿宋_GBK;font-size:16pt;\"></span>\r\n</p>\r\n<p class=\"MsoNormal\" style=\"font-family:宋体;font-size:13px;background-color:#FFFFFF;text-indent:32pt;\">\r\n	<span style=\"font-family:仿宋_GB2312;font-size:16pt;\">根据工作安排，经研究决定，于2015年10下旬-11月底举办第二十九期入党积极分子培训班，现将有关事宜通知如下：</span><span style=\"font-family:仿宋_GB2312;font-size:16pt;\"></span>\r\n</p>\r\n<p class=\"MsoNormal\" style=\"font-family:宋体;font-size:13px;background-color:#FFFFFF;text-indent:32.15pt;\">\r\n	<span style=\"font-family:仿宋_GB2312;font-size:16pt;font-weight:bold;\">一、主要内容和目的</span><span style=\"font-family:仿宋_GB2312;font-size:16pt;font-weight:bold;\"></span>\r\n</p>\r\n<p class=\"MsoNormal\" style=\"font-family:宋体;font-size:13px;background-color:#FFFFFF;text-indent:32pt;\">\r\n	<span style=\"font-family:仿宋_GB2312;font-size:16pt;\">以邓小平理论、“三个代表”重要思想、科学发展观、习近平总书记系列重要讲话、党的十八大及十八届三中、四中全会精神、党的群众路线教育实践活动、和《中国共产党章程》为主要内容，对入党积极分子进行党的基本理论、基本知识、理想信念和宗旨的教育。通过培训，使广大学员进一步加深对党的认识，牢固树立中国特色社会主义理想信念，端正入党动机，自觉以党员标准严格要求自己，积极创造条件，争取早日加入中国共产党，在学习和工作中充分发挥先锋模范作用，为建设社会主义和谐社会做出应有贡献。</span><span style=\"font-family:仿宋_GB2312;font-size:16pt;\"></span>\r\n</p>\r\n<p class=\"MsoNormal\" style=\"font-family:宋体;font-size:13px;background-color:#FFFFFF;text-indent:32.15pt;\">\r\n	<span style=\"font-family:仿宋_GB2312;font-size:16pt;font-weight:bold;\">二、培训时间</span><span style=\"font-family:仿宋_GB2312;font-size:16pt;font-weight:bold;\"></span>\r\n</p>\r\n<p class=\"MsoNormal\" style=\"font-family:宋体;font-size:13px;background-color:#FFFFFF;text-indent:32pt;\">\r\n	<span style=\"font-family:仿宋_GB2312;font-size:16pt;\">2015年10月下旬-11月底，具体时间由各分党校根据实际情况自行安排。</span><span style=\"font-family:仿宋_GB2312;font-size:16pt;\"></span>\r\n</p>\r\n<p class=\"MsoNormal\" style=\"font-family:宋体;font-size:13px;background-color:#FFFFFF;text-indent:32.15pt;\">\r\n	<span style=\"font-family:仿宋_GB2312;font-size:16pt;font-weight:bold;\">三、培训对象</span><span style=\"font-family:仿宋_GB2312;font-size:16pt;font-weight:bold;\"></span>\r\n</p>\r\n<p class=\"MsoNormal\" style=\"font-family:宋体;font-size:13px;background-color:#FFFFFF;text-indent:32pt;\">\r\n	<span style=\"font-family:仿宋_GB2312;font-size:16pt;\">未参加培训的优秀入党积极分子。</span><span style=\"font-family:仿宋_GB2312;font-size:16pt;\"></span>\r\n</p>\r\n<p class=\"MsoNormal\" style=\"font-family:宋体;font-size:13px;background-color:#FFFFFF;text-indent:32.15pt;\">\r\n	<span style=\"font-family:仿宋_GB2312;font-size:16pt;font-weight:bold;\">四、培训方式</span><span style=\"font-family:仿宋_GB2312;font-size:16pt;font-weight:bold;\"></span>\r\n</p>\r\n<p class=\"MsoNormal\" style=\"font-family:宋体;font-size:13px;background-color:#FFFFFF;text-indent:32pt;\">\r\n	<span style=\"font-family:仿宋_GB2312;font-size:16pt;\">各分党校根据学员人数的情况单独或几个分党校联合组织开展培训活动，采取课堂教学和自学相结合，理论学习和开展丰富多彩的特色实践活动相结合，分组讨论和举办学员论坛交流相结合。培训班教学安排不少于40课时。</span><span style=\"font-family:仿宋_GB2312;font-size:16pt;\"></span>\r\n</p>\r\n<p class=\"MsoNormal\" style=\"font-family:宋体;font-size:13px;background-color:#FFFFFF;text-indent:32.15pt;\">\r\n	<span style=\"font-family:仿宋_GB2312;font-size:16pt;font-weight:bold;\">五、课程设置及授课教师</span><span style=\"font-family:仿宋_GB2312;font-size:16pt;font-weight:bold;\"></span>\r\n</p>\r\n<p class=\"MsoNormal\" style=\"font-family:宋体;font-size:13px;background-color:#FFFFFF;text-indent:32pt;\">\r\n	<span style=\"font-family:仿宋_GB2312;font-size:16pt;\">本次培训班的课程设置分必修课、专题课和时势课三大块。其中专题课和时势课由各分党校自主安排；必修课须严格按照《淮南师范学院入党积极分子培训教学大纲（试行）》（见附件）规定的内容进行。</span><span style=\"font-family:仿宋_GB2312;font-size:16pt;\"></span>\r\n</p>\r\n<p class=\"MsoNormal\" style=\"font-family:宋体;font-size:13px;background-color:#FFFFFF;text-indent:32pt;\">\r\n	<span style=\"font-family:仿宋_GB2312;font-size:16pt;\">授课教师由各分党校自主安排。各分党校可适当邀请学校党委班子成员及组织部同志为学员进行授课。</span><span style=\"font-family:仿宋_GB2312;font-size:16pt;\"></span>\r\n</p>\r\n<p class=\"MsoNormal\" style=\"font-family:宋体;font-size:13px;background-color:#FFFFFF;text-indent:32.15pt;\">\r\n	<span style=\"font-family:仿宋_GB2312;font-size:16pt;font-weight:bold;\">六、考核办法及时间</span><span style=\"font-family:仿宋_GB2312;font-size:16pt;font-weight:bold;\"></span>\r\n</p>\r\n<p class=\"MsoNormal\" style=\"font-family:宋体;font-size:13px;background-color:#FFFFFF;text-indent:32pt;\">\r\n	<span style=\"font-family:仿宋_GB2312;font-size:16pt;\">培训班结束时由党委党校统一命题，统一考试。考试不合格者不予补考。</span><span style=\"font-family:仿宋_GB2312;font-size:16pt;\"></span>\r\n</p>\r\n<p class=\"MsoNormal\" style=\"font-family:宋体;font-size:13px;background-color:#FFFFFF;text-indent:32pt;\">\r\n	<span style=\"font-family:仿宋_GB2312;font-size:16pt;\">考试时间：2015年12月2日(周三)晚6:30-8:10。</span><span style=\"font-family:仿宋_GB2312;font-size:16pt;\"></span>\r\n</p>\r\n<p class=\"MsoNormal\" style=\"font-family:宋体;font-size:13px;background-color:#FFFFFF;text-indent:32.15pt;\">\r\n	<span style=\"font-family:仿宋_GB2312;font-size:16pt;font-weight:bold;\">七、几点要求</span><span style=\"font-family:仿宋_GB2312;font-size:16pt;font-weight:bold;\"></span>\r\n</p>\r\n<p class=\"MsoNormal\" style=\"font-family:宋体;font-size:13px;background-color:#FFFFFF;text-indent:32pt;\">\r\n	<span style=\"font-family:仿宋_GB2312;font-size:16pt;\">1、各党总支应根据情况推荐一定数量的低年级入党积极分子参加培训。</span><span style=\"font-family:仿宋_GB2312;font-size:16pt;\"></span>\r\n</p>\r\n<p class=\"MsoNormal\" style=\"font-family:宋体;font-size:13px;background-color:#FFFFFF;text-indent:32pt;\">\r\n	<span style=\"font-family:仿宋_GB2312;font-size:16pt;\">2、参加培训的学员要自觉遵守培训班的纪律，按时参加学习和活动，因故不能参加的应向所属党总支办理书面请假手续，无故缺勤两次的取消学员资格。培训及考核过程中出现作弊、造假等违规违纪情况，一年内不得参加我校积极分子培训，情节严重者取消大学期间入党培训资格。</span><span style=\"font-family:仿宋_GB2312;font-size:16pt;\"></span>\r\n</p>\r\n<p class=\"MsoNormal\" style=\"font-family:宋体;font-size:13px;background-color:#FFFFFF;text-indent:32pt;\">\r\n	<span style=\"font-family:仿宋_GB2312;font-size:16pt;\">3、参加培训的学员要认真做好课堂笔记和自学读书笔记，培训结束后，每人撰写一篇学习心得交所在党总支。</span><span style=\"font-family:仿宋_GB2312;font-size:16pt;\"></span>\r\n</p>\r\n<p class=\"MsoNormal\" style=\"font-family:宋体;font-size:13px;background-color:#FFFFFF;text-indent:32pt;\">\r\n	<span style=\"font-family:仿宋_GB2312;font-size:16pt;\">4、各分党校根据情况将学员划分为若干小组，适当安排好学员的自学、讨论和主题实践活动，并指定专人负责组织和考勤。</span><span style=\"font-family:仿宋_GB2312;font-size:16pt;\"></span>\r\n</p>\r\n<p class=\"MsoNormal\" style=\"font-family:宋体;font-size:13px;background-color:#FFFFFF;text-indent:32pt;\">\r\n	<span style=\"font-family:仿宋_GB2312;font-size:16pt;\">5、各党总支要及时对学员的学习、讨论、交流和特色实践活动给予指导，确保培训任务按质按量地完成。</span><span style=\"font-family:仿宋_GB2312;font-size:16pt;\"></span>\r\n</p>\r\n<p class=\"MsoNormal\" style=\"font-family:宋体;font-size:13px;background-color:#FFFFFF;text-indent:32pt;\">\r\n	<span style=\"font-family:仿宋_GB2312;font-size:16pt;\">6、请各分党校在办班之前严格填写《淮南师范学院入党积极分子培训班学员汇总表》。</span><span style=\"font-family:仿宋_GB2312;font-size:16pt;\"></span>\r\n</p>\r\n<p class=\"MsoNormal\" style=\"font-family:宋体;font-size:13px;background-color:#FFFFFF;text-indent:32pt;\">\r\n	<span style=\"font-family:仿宋_GB2312;font-size:16pt;\">7、材料报送：请于10月30日（周五）前，将《淮南师范学院入党积极分子培训班学员汇总表》及必修专题课程安排（标注任课教师名单）报党委党校办公室。纸质版交至行政楼502办公室，电子版请通过电子政务发送至组织部许寅寅处，联系电话：6863625。&nbsp;&nbsp;&nbsp;&nbsp;&nbsp;</span><span style=\"font-family:仿宋_GB2312;font-size:16pt;\"></span>\r\n</p>\r\n<p class=\"MsoNormal\" style=\"font-family:宋体;font-size:13px;background-color:#FFFFFF;text-indent:32pt;\">\r\n	<span style=\"font-family:仿宋_GB2312;font-size:16pt;\">特此通知</span>\r\n</p>'),
(21, 12, '', '<p class=\"MsoNormal\" style=\"text-align:center;font-family:宋体;font-size:13px;background-color:#FFFFFF;text-indent:24pt;\">\r\n	<span style=\"font-size:12pt;line-height:24px;\"><img src=\"/jd/Public/kindeditor/attached/image/20170517/20170517102035_34793.jpg\" alt=\"\" /><br />\r\n</span> \r\n</p>\r\n<p class=\"MsoNormal\" style=\"font-family:宋体;font-size:13px;background-color:#FFFFFF;text-indent:24pt;\">\r\n	<span style=\"font-size:12pt;line-height:24px;\">为了使<span>2015</span>级新生尽快地了解学校，融入大学生活，<span>9</span>月<span>5</span>日晚上，机械与电气工程学院党员工作站开展了新生宿舍走访活动，代表师兄师姐们给他们带去第一声问候。<span></span></span> \r\n</p>\r\n<p class=\"MsoNormal\" style=\"font-family:宋体;font-size:13px;background-color:#FFFFFF;text-indent:24pt;\">\r\n	<span style=\"font-size:12pt;line-height:24px;\">截止到<span>9</span>月<span>5</span>日<span>19</span>：<span>00</span>，共有<span>96</span>名各个班级的<span>2015</span>级新生报到，并得到了良好的接待与安置。他们分属于<span>36</span>个宿舍。党员工作站对他们进行了走访。<span></span></span> \r\n</p>\r\n<p class=\"MsoNormal\" style=\"font-family:宋体;font-size:13px;background-color:#FFFFFF;text-indent:24pt;\">\r\n	<span style=\"font-size:12pt;line-height:24px;\">走访过程中，党员或积极分子们欢迎他们加入机电学院的大家庭，亲切地了解了他们对学校的第一印象以及生活中遇到的困难与麻烦，还解答了他们提出的关于社团、学习等方面的生活问题。走访中，党员工作站的同志们还向他们进行了安全宣传，并送上了来自学长们的第一份祝愿，希望他们尽早适应大学生活，迎接新的挑战，顺利完成大学学业。</span> \r\n</p>'),
(22, 12, NULL, '<p class=\"MsoNormal\" style=\"text-align:center;text-indent:24pt;\">\r\n	<img src=\"/jd/Public/kindeditor/attached/image/20170517/20170517102153_53646.jpg\" alt=\"\" />\r\n</p>\r\n<p class=\"MsoNormal\" style=\"text-indent:24pt;\">\r\n	为迎接即将到来的全国大学生心理健康日——5月25日，也为了进一步拉近党员工作站与广大学生的距离，加强党员工作站建设，机械与电气工程学院党员工作站在5月18日-23日开展了心理健康“趣味问答”活动。\r\n</p>\r\n<p class=\"MsoNormal\" style=\"text-indent:24pt;\">\r\n	本次活动发动党员工作站的站务、成员以及入党积极分子在党支部、班级开展广泛的谈心活动，并收集大学生中间典型的心理健康问题与心理困惑。5月23日，党员工作站邀请心理健康的老师对所收集的问题进行解答，进行心理健康知识的宣传；并在宣传的同时开展心灵寄语活动。\r\n</p>\r\n<p>\r\n	活动吸引了广大同学的积极参与，解答了同学们关心的心理健康问题，充分发挥了党员的先锋模范作用，传播了正能量。\r\n</p>');

-- --------------------------------------------------------

--
-- 表的结构 `jd_flink`
--

CREATE TABLE `jd_flink` (
  `flink_id` int(11) UNSIGNED NOT NULL COMMENT '友链ID',
  `type_id` int(11) DEFAULT NULL COMMENT '类型ID',
  `url` varchar(255) DEFAULT NULL COMMENT '链接地址',
  `webname` varchar(255) DEFAULT NULL COMMENT '网站名称',
  `logo` varchar(255) DEFAULT NULL COMMENT 'logo',
  `addtime` int(11) DEFAULT NULL COMMENT '添加时间',
  `sort_index` smallint(6) DEFAULT NULL COMMENT '排序'
) ENGINE=MyISAM DEFAULT CHARSET=utf8 ROW_FORMAT=DYNAMIC;

--
-- 转存表中的数据 `jd_flink`
--

INSERT INTO `jd_flink` (`flink_id`, `type_id`, `url`, `webname`, `logo`, `addtime`, `sort_index`) VALUES
(1, 2, 'http://e8net.cn/', '漂浮框', 'image/20170517/591c0bc369cb2.jpeg', 1495010243, 0),
(2, 3, 'http://211.70.176.141/jxx/', '计算机学院', NULL, 1494855235, 0),
(3, 3, 'http://211.70.176.141/fxy/', '法学院', NULL, 1494855259, 0),
(4, 3, 'http://dzgc.hnnu.edu.cn/', '电子工程学院', NULL, 1494855299, 0),
(5, 4, 'http://e8net.cn/', 'E8网络工作室', NULL, 1495010888, 0),
(8, 1, 'http://jw.hnnu.edu.cn/', '大学生服务中心', 'image/20170517/591c0c80a3060.png', 1495010432, 0),
(9, 1, 'http://xyh.hnnu.edu.cn/', '校友风采', 'image/20170517/591c0c8d46760.png', 1495010445, 0),
(10, 1, 'http://211.70.176.138/bgs/xxgk.asp', '资料下载', 'image/20170517/591c0c97f0aee.png', 1495010456, 0),
(11, 1, 'http://211.70.176.58/', '学习资源', 'image/20170517/591c0c9f2cb32.png', 1495010463, 0),
(12, 3, 'http://swgc.hnnu.edu.cn/', '生物工程学院', NULL, 1495010585, 0),
(13, 3, 'http://211.70.176.138/jgxy', '经济与管理学院', NULL, 1495010613, 0),
(14, 3, 'http://whcy.hnnu.edu.cn/', '文化创意与传播学院', NULL, 1495010632, 0),
(6, 4, 'http://www.hnuu.edu.cn/index.jsp', '淮南联合大学', NULL, 1495010715, 0),
(7, 4, 'http://www.ah.hrss.gov.cn/', '省人力资源和社会保障厅', NULL, 1495010740, 0),
(15, 4, 'http://211.70.176.141/fxy/www.hnvtc.ah.edu.cn', '淮南职业技术学院', NULL, 1495011303, 0),
(16, 4, 'http://www.aust.edu.cn/', '安徽理工大学', NULL, 1495011326, 0),
(17, 5, 'http://www.hnnu.edu.cn/', 'top_pic_1', 'image/20170517/591c3bff820b0.jpg', 1495022594, 0),
(18, 5, 'http://www.hnnu.edu.cn/', 'top_pic_2', 'image/20170517/591c396f77b6f.jpg', 1495021935, 0);

-- --------------------------------------------------------

--
-- 表的结构 `jd_flink_type`
--

CREATE TABLE `jd_flink_type` (
  `type_id` int(10) UNSIGNED NOT NULL COMMENT '类型ID',
  `typename` varchar(255) DEFAULT NULL COMMENT '类型名称'
) ENGINE=MyISAM DEFAULT CHARSET=utf8 ROW_FORMAT=DYNAMIC;

--
-- 转存表中的数据 `jd_flink_type`
--

INSERT INTO `jd_flink_type` (`type_id`, `typename`) VALUES
(1, '底部图片链接'),
(2, '首页悬浮窗链接'),
(3, '院系设置友链'),
(4, '友情链接'),
(5, '欢迎界面图片');

-- --------------------------------------------------------

--
-- 表的结构 `jd_log`
--

CREATE TABLE `jd_log` (
  `log_id` int(11) UNSIGNED NOT NULL COMMENT '日志id',
  `admin_id` int(11) NOT NULL COMMENT '管理员ID',
  `content` varchar(1024) DEFAULT NULL COMMENT '管理员操作内容',
  `time` int(11) UNSIGNED DEFAULT NULL COMMENT '日志时间',
  `type` varchar(50) DEFAULT NULL COMMENT '类型'
) ENGINE=MyISAM DEFAULT CHARSET=utf8;

-- --------------------------------------------------------

--
-- 表的结构 `jd_menu`
--

CREATE TABLE `jd_menu` (
  `menu_id` int(11) UNSIGNED NOT NULL COMMENT '菜单ID',
  `father_id` int(11) NOT NULL DEFAULT '0' COMMENT '父级ID',
  `name` varchar(100) DEFAULT '' COMMENT '菜单名称',
  `url` varchar(255) DEFAULT '' COMMENT '菜单地址',
  `icon` varchar(255) DEFAULT NULL,
  `target` varchar(20) DEFAULT '' COMMENT '响应位置',
  `is_open` tinyint(1) DEFAULT '1' COMMENT '是否开启功能',
  `sort_index` smallint(6) DEFAULT '0' COMMENT '功能排序'
) ENGINE=MyISAM DEFAULT CHARSET=utf8 COMMENT='后台菜单表' ROW_FORMAT=DYNAMIC;

--
-- 转存表中的数据 `jd_menu`
--

INSERT INTO `jd_menu` (`menu_id`, `father_id`, `name`, `url`, `icon`, `target`, `is_open`, `sort_index`) VALUES
(1, 0, '内容管理', NULL, 'icomoon-icon-folder', 'menu', 1, 2),
(2, 0, '系统管理', NULL, 'icomoon-icon-cogs', 'menu', 1, 4),
(3, 0, '管理员管理', NULL, 'icomoon-icon-user-4', 'menu', 1, 1),
(4, 1, '模板管理', 'Template', 'icomoon-icon-pencil-2', 'main', 1, 0),
(5, 1, '文章管理', 'Content/index', 'icomoon-icon-newspaper', 'main', 1, 0),
(6, 1, '审核文章', 'Content/check', 'icomoon-icon-reading', 'main', 1, 0),
(7, 1, '文档回收站', 'Content/recycle', 'icomoon-icon-remove', 'main', 1, 5),
(8, 1, '栏目管理', 'Class', 'icomoon-icon-list-view', 'main', 1, 1),
(9, 2, '网站设置', 'Setting', 'icomoon-icon-wrench', '', 1, 0),
(10, 2, '日志管理', 'Log', ' icomoon-icon-shield', 'menu', 1, 0),
(11, 2, '友情链接管理', 'FlinkType', ' icomoon-icon-link', '', 1, 0),
(12, 3, '管理员分组管理', 'AdminGroup', 'icomoon-icon-users', '', 1, 0),
(13, 3, '管理员管理', 'Admin', 'icomoon-icon-user', '', 1, 0),
(14, 3, '权限管理', 'Permission', 'icomoon-icon-locked', '', 1, 0),
(15, 3, '权限组管理', 'PermGroup', ' icomoon-icon-key-2', '', 1, 0),
(16, 1, '首页大图配置', 'BigPic/index', 'icomoon-icon-newspaper', 'main', 1, 0);

-- --------------------------------------------------------

--
-- 表的结构 `jd_permission`
--

CREATE TABLE `jd_permission` (
  `permission_id` int(11) UNSIGNED NOT NULL,
  `name` varchar(255) NOT NULL,
  `description` text NOT NULL,
  `action` varchar(255) NOT NULL
) ENGINE=MyISAM DEFAULT CHARSET=utf8;

--
-- 转存表中的数据 `jd_permission`
--

INSERT INTO `jd_permission` (`permission_id`, `name`, `description`, `action`) VALUES
(1, '管理员显示', '', 'Admin/index'),
(2, '管理员添加', '', 'Admin/add'),
(3, '管理员修改', '', 'Admin/edit'),
(4, '管理员显示修改', '', 'Admin/showEditView'),
(5, '管理员删除', '', 'Admin/del'),
(6, '管理员分组显示', '', 'AdminGroup/index'),
(7, '管理员分组添加', '', 'AdminGroup/add'),
(8, '管理员分组修改', '', 'AdminGroup/edit'),
(9, '管理员分组删除', '', 'AdminGroup/del'),
(10, '栏目显示', '', 'Class/index'),
(11, '栏目添加', '', 'Class/add'),
(12, '栏目修改', '', 'Class/edit'),
(13, '栏目删除', '', 'Class/del'),
(14, '栏目树查看', '', 'Class/tree'),
(15, '栏目移动', '', 'Class/move'),
(16, '文章查看', '', 'Content/index'),
(17, '文章添加', '', 'Content/add'),
(18, '文章修改', '', 'Content/edit'),
(19, '文章审查', '', 'Content/checkout'),
(20, '文章还原', '', 'Content/restore'),
(21, '文章移动到回收站', '', 'Content/remove'),
(22, '文章审核列表', '', 'Content/check'),
(23, '文档永久删除', '', 'Content/delete'),
(24, '文档回收站', '', 'Content/recycle'),
(25, '日志显示', '', 'Log/index'),
(26, '日志删除', '', 'Log/del'),
(27, '权限分组显示', '', 'PermGroup/index'),
(28, '权限分组添加', '', 'PermGroup/add'),
(29, '权限显示', '', 'Permission/index'),
(30, '权限添加', '', 'Permission/add'),
(31, '权限修改', '', 'Permission/edit'),
(32, '权限删除', '', 'Permission/del'),
(33, '系统设置查看', '', 'Setting/index'),
(34, '网站设置添加', '', 'Setting/add'),
(35, '网站设置修改', '', 'Setting/edit'),
(36, '网站设置删除', '', 'Setting/del'),
(37, '模板查看', '', 'Template/index'),
(38, '模板添加', '', 'Template/add'),
(39, '模板修改', '', 'Template/edit'),
(40, '模板删除', '', 'Template/del'),
(41, '后台首页', '', 'Index/index'),
(42, '权限分组删除', '', 'PermGroup/del'),
(43, 'Ajax获取管理员对应权限分组', '', 'Admin/getPermGroupList'),
(44, 'Ajax验证账户', '', 'Admin/checkAccount'),
(45, 'Ajax验证邮箱', '', 'Admin/checkEmail'),
(46, 'Ajax改变分组状态', '调用Ajax请求，改变管理员分组的可用状态', 'AdminGroup/changeUseful'),
(47, '权限分组修改', '对权限分组进行修改', 'PermGroup/edit'),
(48, '首页大图配置', '首页大图配置', 'BigPic/index'),
(49, '添加首页大图', '添加首页大图', 'BigPic/add'),
(50, '编辑首页大图', '编辑首页大图', 'BigPic/edit'),
(51, '删除首页大图', '删除首页大图', 'BigPic/del');

-- --------------------------------------------------------

--
-- 表的结构 `jd_perm_group`
--

CREATE TABLE `jd_perm_group` (
  `perm_group_id` int(11) UNSIGNED NOT NULL,
  `name` varchar(255) NOT NULL,
  `description` text NOT NULL,
  `permission` varchar(1024) NOT NULL,
  `root` tinyint(1) UNSIGNED NOT NULL DEFAULT '0'
) ENGINE=MyISAM DEFAULT CHARSET=utf8 ROW_FORMAT=DYNAMIC;

--
-- 转存表中的数据 `jd_perm_group`
--

INSERT INTO `jd_perm_group` (`perm_group_id`, `name`, `description`, `permission`, `root`) VALUES
(1, '超级管理员权限组', '所有功能', 'Administrator', 1),
(2, '文章管理权限组', '该分组对应文章修改，添加，删除、栏目修改，添加，修改和删除等相关权限！', '43,44,45,51,41,24,18,16,17,21,20,25,31,47,42,27,28,29,10,14,11,15,37,38,49,6,1,4,2,33,50,36,34,48,12', 0);

-- --------------------------------------------------------

--
-- 表的结构 `jd_session`
--

CREATE TABLE `jd_session` (
  `session_id` int(255) UNSIGNED NOT NULL,
  `ip` varchar(255) NOT NULL,
  `name` varchar(255) NOT NULL
) ENGINE=MyISAM DEFAULT CHARSET=utf8 ROW_FORMAT=DYNAMIC;

--
-- 转存表中的数据 `jd_session`
--

INSERT INTO `jd_session` (`session_id`, `ip`, `name`) VALUES
(1, '0.0.0.0', '80b15017b9a11d1cd4caef7bce054e7e');

-- --------------------------------------------------------

--
-- 表的结构 `jd_setting`
--

CREATE TABLE `jd_setting` (
  `setting_id` int(11) UNSIGNED NOT NULL COMMENT '设置项ID',
  `item` varchar(100) NOT NULL COMMENT '设置项',
  `value` varchar(255) DEFAULT '' COMMENT '设置值',
  `description` varchar(255) DEFAULT '' COMMENT '设置项描述',
  `type` enum('string','number','bool') DEFAULT 'string' COMMENT '设置\r\n\r\n字段类型'
) ENGINE=MyISAM DEFAULT CHARSET=utf8 COMMENT='网站设置表' ROW_FORMAT=DYNAMIC;

--
-- 转存表中的数据 `jd_setting`
--

INSERT INTO `jd_setting` (`setting_id`, `item`, `value`, `description`, `type`) VALUES
(1, 'WEBNAME', '机电学院', '网站名称', 'string'),
(2, 'EMAIL', 'zfx@hnnu.edu.cn', '邮箱', 'string'),
(3, 'WEBAUTHOR', 'e8网络工作室', '网站作者', 'string'),
(4, 'CHECK_ON', 'true', '是否开启审核文档', 'bool'),
(5, 'ADDRESS', '安徽省淮南市田家庵区洞山西路', '地址', 'string'),
(6, 'COPYRIGHT', 'copyright e8net 2017', '版权信息', 'string'),
(7, 'ZIPCODE', '232038', '邮编', 'string'),
(8, 'PHONE', '(0554)6862926 6862927', '电话', 'string');

-- --------------------------------------------------------

--
-- 表的结构 `jd_template`
--

CREATE TABLE `jd_template` (
  `template_id` int(11) UNSIGNED NOT NULL COMMENT '模板ID',
  `type` enum('index','content') DEFAULT 'index' COMMENT '模板类型（index：封面模板，content，内容模板）',
  `name` varchar(255) DEFAULT NULL COMMENT '模板名称',
  `url` varchar(255) DEFAULT NULL COMMENT '模板地址'
) ENGINE=MyISAM DEFAULT CHARSET=utf8 ROW_FORMAT=DYNAMIC;

--
-- 转存表中的数据 `jd_template`
--

INSERT INTO `jd_template` (`template_id`, `type`, `name`, `url`) VALUES
(1, 'index', '通用列表模板', 'Home/List/index'),
(2, 'content', '通用文章内容模板', 'Home/Content/index'),
(3, 'index', '通用单页模板', 'Home/List/show');

-- --------------------------------------------------------

--
-- 表的结构 `jd_visit`
--

CREATE TABLE `jd_visit` (
  `vid` int(255) UNSIGNED NOT NULL,
  `ip` varchar(255) NOT NULL,
  `time` int(11) NOT NULL,
  `view` int(11) NOT NULL DEFAULT '0' COMMENT '今日访问次数',
  `y` int(11) NOT NULL,
  `m` int(11) NOT NULL,
  `d` int(11) NOT NULL
) ENGINE=MyISAM DEFAULT CHARSET=utf8;

--
-- 转存表中的数据 `jd_visit`
--

INSERT INTO `jd_visit` (`vid`, `ip`, `time`, `view`, `y`, `m`, `d`) VALUES
(1, '0.0.0.0', 1495006142, 26, 17, 5, 17);

--
-- Indexes for dumped tables
--

--
-- Indexes for table `jd_admin`
--
ALTER TABLE `jd_admin`
  ADD PRIMARY KEY (`admin_id`);

--
-- Indexes for table `jd_admin_group`
--
ALTER TABLE `jd_admin_group`
  ADD PRIMARY KEY (`admin_group_id`);

--
-- Indexes for table `jd_big_pic`
--
ALTER TABLE `jd_big_pic`
  ADD PRIMARY KEY (`id`);

--
-- Indexes for table `jd_channel`
--
ALTER TABLE `jd_channel`
  ADD PRIMARY KEY (`channel_id`);

--
-- Indexes for table `jd_class`
--
ALTER TABLE `jd_class`
  ADD PRIMARY KEY (`class_id`);

--
-- Indexes for table `jd_content`
--
ALTER TABLE `jd_content`
  ADD PRIMARY KEY (`content_id`);

--
-- Indexes for table `jd_con_article`
--
ALTER TABLE `jd_con_article`
  ADD PRIMARY KEY (`content_id`);

--
-- Indexes for table `jd_flink`
--
ALTER TABLE `jd_flink`
  ADD PRIMARY KEY (`flink_id`);

--
-- Indexes for table `jd_flink_type`
--
ALTER TABLE `jd_flink_type`
  ADD PRIMARY KEY (`type_id`);

--
-- Indexes for table `jd_log`
--
ALTER TABLE `jd_log`
  ADD PRIMARY KEY (`log_id`);

--
-- Indexes for table `jd_menu`
--
ALTER TABLE `jd_menu`
  ADD PRIMARY KEY (`menu_id`,`father_id`),
  ADD KEY `father_id` (`father_id`);

--
-- Indexes for table `jd_permission`
--
ALTER TABLE `jd_permission`
  ADD PRIMARY KEY (`permission_id`);

--
-- Indexes for table `jd_perm_group`
--
ALTER TABLE `jd_perm_group`
  ADD PRIMARY KEY (`perm_group_id`);

--
-- Indexes for table `jd_session`
--
ALTER TABLE `jd_session`
  ADD PRIMARY KEY (`session_id`);

--
-- Indexes for table `jd_setting`
--
ALTER TABLE `jd_setting`
  ADD PRIMARY KEY (`setting_id`),
  ADD UNIQUE KEY `item` (`item`);

--
-- Indexes for table `jd_template`
--
ALTER TABLE `jd_template`
  ADD PRIMARY KEY (`template_id`);

--
-- Indexes for table `jd_visit`
--
ALTER TABLE `jd_visit`
  ADD PRIMARY KEY (`vid`);

--
-- 在导出的表使用AUTO_INCREMENT
--

--
-- 使用表AUTO_INCREMENT `jd_admin`
--
ALTER TABLE `jd_admin`
  MODIFY `admin_id` int(11) UNSIGNED NOT NULL AUTO_INCREMENT, AUTO_INCREMENT=4;
--
-- 使用表AUTO_INCREMENT `jd_admin_group`
--
ALTER TABLE `jd_admin_group`
  MODIFY `admin_group_id` int(11) UNSIGNED NOT NULL AUTO_INCREMENT, AUTO_INCREMENT=3;
--
-- 使用表AUTO_INCREMENT `jd_big_pic`
--
ALTER TABLE `jd_big_pic`
  MODIFY `id` int(10) UNSIGNED NOT NULL AUTO_INCREMENT, AUTO_INCREMENT=5;
--
-- 使用表AUTO_INCREMENT `jd_channel`
--
ALTER TABLE `jd_channel`
  MODIFY `channel_id` int(11) UNSIGNED NOT NULL AUTO_INCREMENT, AUTO_INCREMENT=6;
--
-- 使用表AUTO_INCREMENT `jd_class`
--
ALTER TABLE `jd_class`
  MODIFY `class_id` int(11) UNSIGNED NOT NULL AUTO_INCREMENT COMMENT '栏目ID', AUTO_INCREMENT=16;
--
-- 使用表AUTO_INCREMENT `jd_content`
--
ALTER TABLE `jd_content`
  MODIFY `content_id` int(11) UNSIGNED NOT NULL AUTO_INCREMENT COMMENT '文章ID', AUTO_INCREMENT=23;
--
-- 使用表AUTO_INCREMENT `jd_con_article`
--
ALTER TABLE `jd_con_article`
  MODIFY `content_id` int(11) UNSIGNED NOT NULL AUTO_INCREMENT COMMENT '内容ID', AUTO_INCREMENT=23;
--
-- 使用表AUTO_INCREMENT `jd_flink`
--
ALTER TABLE `jd_flink`
  MODIFY `flink_id` int(11) UNSIGNED NOT NULL AUTO_INCREMENT COMMENT '友链ID', AUTO_INCREMENT=19;
--
-- 使用表AUTO_INCREMENT `jd_flink_type`
--
ALTER TABLE `jd_flink_type`
  MODIFY `type_id` int(10) UNSIGNED NOT NULL AUTO_INCREMENT COMMENT '类型ID', AUTO_INCREMENT=6;
--
-- 使用表AUTO_INCREMENT `jd_log`
--
ALTER TABLE `jd_log`
  MODIFY `log_id` int(11) UNSIGNED NOT NULL AUTO_INCREMENT COMMENT '日志id';
--
-- 使用表AUTO_INCREMENT `jd_menu`
--
ALTER TABLE `jd_menu`
  MODIFY `menu_id` int(11) UNSIGNED NOT NULL AUTO_INCREMENT COMMENT '菜单ID', AUTO_INCREMENT=17;
--
-- 使用表AUTO_INCREMENT `jd_permission`
--
ALTER TABLE `jd_permission`
  MODIFY `permission_id` int(11) UNSIGNED NOT NULL AUTO_INCREMENT, AUTO_INCREMENT=52;
--
-- 使用表AUTO_INCREMENT `jd_perm_group`
--
ALTER TABLE `jd_perm_group`
  MODIFY `perm_group_id` int(11) UNSIGNED NOT NULL AUTO_INCREMENT, AUTO_INCREMENT=3;
--
-- 使用表AUTO_INCREMENT `jd_session`
--
ALTER TABLE `jd_session`
  MODIFY `session_id` int(255) UNSIGNED NOT NULL AUTO_INCREMENT, AUTO_INCREMENT=2;
--
-- 使用表AUTO_INCREMENT `jd_setting`
--
ALTER TABLE `jd_setting`
  MODIFY `setting_id` int(11) UNSIGNED NOT NULL AUTO_INCREMENT COMMENT '设置项ID', AUTO_INCREMENT=9;
--
-- 使用表AUTO_INCREMENT `jd_template`
--
ALTER TABLE `jd_template`
  MODIFY `template_id` int(11) UNSIGNED NOT NULL AUTO_INCREMENT COMMENT '模板ID', AUTO_INCREMENT=4;
--
-- 使用表AUTO_INCREMENT `jd_visit`
--
ALTER TABLE `jd_visit`
  MODIFY `vid` int(255) UNSIGNED NOT NULL AUTO_INCREMENT, AUTO_INCREMENT=2;
/*!40101 SET CHARACTER_SET_CLIENT=@OLD_CHARACTER_SET_CLIENT */;
/*!40101 SET CHARACTER_SET_RESULTS=@OLD_CHARACTER_SET_RESULTS */;
/*!40101 SET COLLATION_CONNECTION=@OLD_COLLATION_CONNECTION */;
